instance,n,seed,candidate_index,candidate_name,sequence,routing_matrix,raw_zero_gradient_squared,pauli_score,gram_residual_score,gram_union_crosscheck,candidate_rank,residual_rank,union_rank,overlap_fraction,principal_angle_min_deg,principal_angle_median_deg,principal_angle_max_deg,principal_angle_obliqueness_deg,projector_commutator_fro,gram_condition_number,same_state_error,same_energy_error,same_old_gradient_error,gain_50,final_energy,final_energy_error,gain_per_added_cnot,oracle_regret,selected_random,selected_pauli,selected_gram,selected_oracle
xxz_n8_s20268804,8,20268804,0,B00,"[[5,4],[4,3],[5,6],[7,6],[2,3],[0,1],[1,2]]","[[1,0,0,0,0,0,0,0],[1,1,0,0,0,0,0,0],[1,1,1,0,0,0,0,0],[0,0,1,1,1,1,0,0],[0,0,0,0,1,1,0,0],[0,0,0,0,0,1,0,0],[0,0,0,0,0,1,1,1],[0,0,0,0,0,0,0,1]]",1.270825143987419,6.251375112730596,8.501422313569694,8.501422313569698,24,11,47,0.7280100093524302,0.0,2.1619662249339446e-06,71.21256447990957,43.09451519997642,1.9977674109485986,111.2567074053823,0.0,0.0,0.0,0.601811093689669,-11.81590303349433,1.6838273612572348,0.04298650669211922,0.41737073586685547,0,0,0,0
xxz_n8_s20268804,8,20268804,1,B01,"[[2,1],[2,3],[7,6],[5,6],[1,0],[4,5],[3,4]]","[[1,1,1,0,0,0,0,0],[0,1,1,0,0,0,0,0],[0,0,1,0,0,0,0,0],[0,0,1,1,0,0,0,0],[0,0,1,1,1,0,0,0],[0,0,0,0,1,1,0,0],[0,0,0,0,0,1,1,1],[0,0,0,0,0,0,0,1]]",1.4706883612968484,7.149741742517473,12.684560829989717,12.684560829989708,24,13,49,0.6737590748803338,0.0,12.648903908633422,79.48071888714917,42.9780856864146,1.991237640041794,1130.614003768746,0.0,0.0,0.0,0.6671273216684135,-11.881219261473074,1.6185111332784903,0.04765195154774382,0.352054507888111,1,0,0,0
xxz_n8_s20268804,8,20268804,2,B02,"[[0,1],[3,2],[4,3],[4,5],[1,2],[6,5],[6,7]]","[[1,0,0,0,0,0,0,0],[1,1,0,0,0,0,0,0],[1,1,1,1,0,0,0,0],[0,0,0,1,1,0,0,0],[0,0,0,0,1,0,0,0],[0,0,0,0,1,1,1,0],[0,0,0,0,0,0,1,0],[0,0,0,0,0,0,1,1]]",0.9770172284194001,4.0374879863133915,10.451146409372079,10.451146409372097,24,10,46,0.7577899302570309,0.0,1.2074182697257333e-06,81.84165906905812,44.820407504391355,1.7425940631798478,87.10431793905433,0.0,0.0,0.0,0.6742468097874745,-11.888338749592135,1.6113916451594292,0.04816048641339104,0.34493501976904994,0,0,0,0
xxz_n8_s20268804,8,20268804,3,B03,"[[2,3],[2,1],[6,5],[6,7],[1,0],[4,3],[4,5]]","[[1,1,1,0,0,0,0,0],[0,1,1,0,0,0,0,0],[0,0,1,0,0,0,0,0],[0,0,1,1,1,0,0,0],[0,0,0,0,1,0,0,0],[0,0,0,0,1,1,1,0],[0,0,0,0,0,0,1,0],[0,0,0,0,0,0,1,1]]",1.919538002718952,8.291874016908643,15.94654192442781,15.946541924427807,24,13,49,0.6866095658597127,0.0,15.510814478139736,81.84387063804317,43.590720387591745,2.0541752290832083,995.4064557430783,0.0,0.0,0.0,1.0191818295565245,-12.233273769361185,1.2664566253903793,0.07279870211118032,0.0,0,1,0,1
xxz_n8_s20268804,8,20268804,4,B04,"[[6,7],[1,0],[5,6],[3,4],[2,1],[2,3],[5,4]]","[[1,1,0,0,0,0,0,0],[0,1,1,0,0,0,0,0],[0,0,1,0,0,0,0,0],[0,0,1,1,0,0,0,0],[0,0,0,1,1,1,0,0],[0,0,0,0,0,1,0,0],[0,0,0,0,0,1,1,0],[0,0,0,0,0,0,1,1]]",0.6182248450274419,3.6434896678627076,8.625934670412235,8.625934670412226,24,9,45,0.8166163004049017,0.0,0.0,76.5551703129023,44.273332669236005,1.6898505679768445,108.74998430636018,0.0,0.0,0.0,0.5099392845496684,-11.724031224354329,1.7756991703972353,0.0364242346106906,0.5092425450068561,0,0,0,0
xxz_n8_s20268804,8,20268804,5,B05,"[[1,0],[5,4],[4,3],[2,1],[6,7],[2,3],[5,6]]","[[1,1,0,0,0,0,0,0],[0,1,1,0,0,0,0,0],[0,0,1,0,0,0,0,0],[0,0,1,1,1,1,0,0],[0,0,0,0,1,1,0,0],[0,0,0,0,0,1,0,0],[0,0,0,0,0,1,1,0],[0,0,0,0,0,0,1,1]]",0.6254861521201494,3.778376796925058,8.937397361286909,8.937397361286909,24,9,45,0.7640140667047864,0.0,0.0,70.7092142556257,44.85169303317352,1.8938919606448579,30.85872138190401,0.0,0.0,0.0,0.45025906362874935,-11.66435100343341,1.8353793913181544,0.03216136168776781,0.5689227659277751,0,0,0,0
xxz_n8_s20268804,8,20268804,6,B06,"[[5,4],[6,7],[0,1],[2,3],[3,4],[2,1],[5,6]]","[[1,0,0,0,0,0,0,0],[1,1,1,0,0,0,0,0],[0,0,1,0,0,0,0,0],[0,0,1,1,0,0,0,0],[0,0,1,1,1,1,0,0],[0,0,0,0,0,1,0,0],[0,0,0,0,0,1,1,0],[0,0,0,0,0,0,1,1]]",1.1744909270179624,5.530778870068912,11.478331998276708,11.478331998276712,24,10,46,0.7661061920888894,0.0,8.537736462515939e-07,75.03916180101393,44.1965748403248,1.7995632110404753,74.3551595247318,0.0,0.0,0.0,0.6510199245313117,-11.865111864335972,1.634618530415592,0.04650142318080798,0.36816190502521273,0,0,0,0
xxz_n8_s20268804,8,20268804,7,B07,"[[0,1],[5,6],[4,3],[5,4],[2,3],[6,7],[2,1]]","[[1,0,0,0,0,0,0,0],[1,1,1,0,0,0,0,0],[0,0,1,0,0,0,0,0],[0,0,1,1,1,0,0,0],[0,0,0,0,1,1,0,0],[0,0,0,0,0,1,0,0],[0,0,0,0,0,1,1,0],[0,0,0,0,0,1,1,1]]",1.6157845573208331,6.510239284635142,11.829884762136185,11.829884762136187,24,12,48,0.7053511843257646,0.0,4.527591944784443,75.10674366788591,40.11221760549705,1.8664626698940987,1642.6015811807083,0.0,0.0,0.0,0.6771212092243228,-11.891213149028983,1.608517245722581,0.0483658006588802,0.34206062033220164,0,0,0,0
xxz_n8_s20268804,8,20268804,8,B08,"[[5,6],[6,7],[3,2],[5,4],[0,1],[3,4],[2,1]]","[[1,0,0,0,0,0,0,0],[1,1,1,1,0,0,0,0],[0,0,1,1,0,0,0,0],[0,0,0,1,0,0,0,0],[0,0,0,1,1,1,0,0],[0,0,0,0,0,1,0,0],[0,0,0,0,0,1,1,0],[0,0,0,0,0,1,1,1]]",1.3582783678215058,5.99804955584375,10.932785881308083,10.932785881308078,24,12,48,0.793870037216911,0.0,4.465822774514596,76.99567939150835,44.43741836802437,1.9428749065247057,1728.4384340028485,0.0,0.0,0.0,0.5147494679663804,-11.728841407771041,1.7708889869805233,0.036767819140455744,0.504432361590144,0,0,0,0
xxz_n8_s20268804,8,20268804,9,B09,"[[5,6],[4,3],[7,6],[0,1],[4,5],[1,2],[3,2]]","[[1,0,0,0,0,0,0,0],[1,1,0,0,0,0,0,0],[1,1,1,1,1,0,0,0],[0,0,0,1,1,0,0,0],[0,0,0,0,1,0,0,0],[0,0,0,0,1,1,0,0],[0,0,0,0,0,1,1,1],[0,0,0,0,0,0,0,1]]",0.5236660225547092,2.71517252281436,6.839016818074748,6.839016818074754,24,9,45,0.7779790685718879,0.0,0.0,79.60945932519958,43.35810719324794,1.6625526991931392,83.52202897017209,0.0,0.0,0.0,0.31958169785154666,-11.533673637656207,1.966056757095357,0.022827264132253333,0.6996001317049778,0,0,0,0
xxz_n8_s20268804,8,20268804,10,B10,"[[5,4],[1,2],[4,3],[7,6],[2,3],[6,5],[1,0]]","[[1,1,0,0,0,0,0,0],[0,1,0,0,0,0,0,0],[0,1,1,0,0,0,0,0],[0,1,1,1,1,1,0,0],[0,0,0,0,1,1,0,0],[0,0,0,0,0,1,1,1],[0,0,0,0,0,0,1,1],[0,0,0,0,0,0,0,1]]",0.7580392438026311,3.1720165110471474,7.575087539248088,7.575087539248088,24,10,46,0.7525864119490578,0.0,1.2806604693773908e-06,80.19976762766223,44.523917576709906,1.8493220512628215,193.64837254261653,0.0,0.0,0.0,0.332554045531543,-11.546645985336204,1.9530844094153608,0.023753860395110214,0.6866277840249815,0,0,0,0
xxz_n8_s20268804,8,20268804,11,B11,"[[1,0],[6,5],[5,4],[2,1],[3,2],[7,6],[3,4]]","[[1,1,0,0,0,0,0,0],[0,1,1,0,0,0,0,0],[0,0,1,1,0,0,0,0],[0,0,0,1,0,0,0,0],[0,0,0,1,1,1,1,0],[0,0,0,0,0,1,1,0],[0,0,0,0,0,0,1,1],[0,0,0,0,0,0,0,1]]",1.4048468184851468,6.228918987882802,17.86225282258054,17.862252822580547,24,11,47,0.75449338703921,0.0,4.2688682312579694e-07,86.05807784947096,39.30340188708729,1.6929661597045018,3220.9947760578852,0.0,0.0,0.0,0.686223740743463,-11.900315680548124,1.5994147142034407,0.04901598148167593,0.33295808881306144,0,0,1,0
xxz_n8_s20268841,8,20268841,0,B00,"[[6,7],[6,5],[3,4],[0,1],[1,2],[3,2],[4,5]]","[[1,0,0,0,0,0,0,0],[1,1,0,0,0,0,0,0],[1,1,1,1,0,0,0,0],[0,0,0,1,0,0,0,0],[0,0,0,1,1,0,0,0],[0,0,0,1,1,1,1,0],[0,0,0,0,0,0,1,0],[0,0,0,0,0,0,1,1]]",0.41907062289182395,2.031911630686288,7.395088612620629,7.395088612620631,24,10,46,0.7945896107221166,0.0,4.2688682312579694e-07,84.03093758206045,42.61724007594629,1.6923608190450785,98.20951623412212,0.0,0.0,0.0,0.34384994104268607,-11.557948388452157,1.9417820062994071,0.024560710074477576,0.6587845959307348,1,0,0,0
xxz_n8_s20268841,8,20268841,1,B01,"[[6,5],[1,0],[3,2],[1,2],[6,7],[4,5],[3,4]]","[[1,1,0,0,0,0,0,0],[0,1,0,0,0,0,0,0],[0,1,1,1,0,0,0,0],[0,0,0,1,0,0,0,0],[0,0,0,1,1,0,0,0],[0,0,0,0,1,1,1,0],[0,0,0,0,0,0,1,0],[0,0,0,0,0,0,1,1]]",1.5104304276138711,5.728913348537169,11.08352782380442,11.08352782380443,24,11,47,0.7534519746623638,0.0,1.3430988015984157e-06,83.98352511414825,43.49770599495407,1.8504744189191331,111.44087202463172,0.0,0.0,0.0,0.6671282762116686,-11.88122672362114,1.6185036711304246,0.0476520197294049,0.3355062607617523,0,0,0,0
xxz_n8_s20268841,8,20268841,2,B02,"[[1,0],[3,2],[7,6],[1,2],[5,4],[3,4],[6,5]]","[[1,1,0,0,0,0,0,0],[0,1,0,0,0,0,0,0],[0,1,1,1,0,0,0,0],[0,0,0,1,0,0,0,0],[0,0,0,1,1,1,0,0],[0,0,0,0,0,1,1,1],[0,0,0,0,0,0,1,1],[0,0,0,0,0,0,0,1]]",1.0325477085096864,3.9356002725664685,6.923124574224318,6.923124574224321,24,12,48,0.8005708269550648,0.0,7.206401946352246,71.3856618788707,42.617883668835304,2.0293853490415095,134.78298785442342,0.0,0.0,0.0,0.32368601802308206,-11.537784465432553,1.9619459293190111,0.023120429858791574,0.6789485189503388,0,0,0,0
xxz_n8_s20268841,8,20268841,3,B03,"[[1,2],[5,4],[4,3],[1,0],[5,6],[3,2],[7,6]]","[[1,1,0,0,0,0,0,0],[0,1,0,0,0,0,0,0],[0,1,1,1,1,1,0,0],[0,0,0,1,1,1,0,0],[0,0,0,0,1,1,0,0],[0,0,0,0,0,1,0,0],[0,0,0,0,0,1,1,1],[0,0,0,0,0,0,0,1]]",0.9313043046194822,4.369582200017232,7.834841612652209,7.8348416126521885,24,11,47,0.7368395470022203,0.0,2.0611919159773272e-06,85.57554390786125,43.97188191376477,1.9141847666552203,116.45881510955773,0.0,0.0,0.0,0.3123637467594147,-11.526462194168886,1.9732682005826785,0.02231169619710105,0.6902707902140062,0,0,0,0
xxz_n8_s20268841,8,20268841,4,B04,"[[3,4],[2,1],[7,6],[3,2],[5,6],[4,5],[0,1]]","[[1,0,0,0,0,0,0,0],[1,1,1,0,0,0,0,0],[0,0,1,1,0,0,0,0],[0,0,0,1,0,0,0,0],[0,0,0,1,1,0,0,0],[0,0,0,1,1,1,0,0],[0,0,0,0,0,1,1,1],[0,0,0,0,0,0,0,1]]",0.8760014024514332,4.6188734385410495,12.351405667658138,12.351405667658154,24,11,47,0.7336256530443935,0.0,2.0839843271694865e-06,86.6634828795512,39.894602482873715,1.7424340861306806,72.94713898478332,0.0,0.0,0.0,0.6314162898738207,-11.845514737283292,1.6542156574682725,0.045101163562415766,0.37121824709960016,0,0,0,0
xxz_n8_s20268841,8,20268841,5,B05,"[[5,6],[3,2],[4,3],[4,5],[1,2],[1,0],[6,7]]","[[1,1,0,0,0,0,0,0],[0,1,0,0,0,0,0,0],[0,1,1,1,0,0,0,0],[0,0,0,1,1,0,0,0],[0,0,0,0,1,0,0,0],[0,0,0,0,1,1,0,0],[0,0,0,0,0,1,1,0],[0,0,0,0,0,1,1,1]]",1.6788414221148251,5.2545901674004325,8.065149315032237,8.065149315032235,24,11,47,0.7600552002948097,0.0,2.4148365394514667e-06,81.51041186223277,43.05692674807061,1.7853262667785956,1758.7170482893732,0.0,0.0,0.0,0.2980053419050872,-11.512103789314558,1.987626605437006,0.02128609585036337,0.7046291950683337,0,0,0,0
xxz_n8_s20268841,8,20268841,6,B06,"[[2,1],[2,3],[6,7],[0,1],[6,5],[5,4],[3,4]]","[[1,0,0,0,0,0,0,0],[1,1,1,0,0,0,0,0],[0,0,1,0,0,0,0,0],[0,0,1,1,0,0,0,0],[0,0,1,1,1,1,1,0],[0,0,0,0,0,1,1,0],[0,0,0,0,0,0,1,0],[0,0,0,0,0,0,1,1]]",1.2396452431824279,6.6605939343261005,13.398621210034406,13.398621210034428,24,10,46,0.7348292829278368,0.0,1.7075472925031877e-06,86.49894608503831,44.01664195946853,1.534976448775004,79.08074370471425,0.0,0.0,0.0,0.7540294048349026,-11.968127852244374,1.5316025425071906,0.05385924320249304,0.24860513213851831,0,0,1,0
xxz_n8_s20268841,8,20268841,7,B07,"[[3,4],[0,1],[3,2],[6,7],[5,6],[2,1],[5,4]]","[[1,0,0,0,0,0,0,0],[1,1,1,1,0,0,0,0],[0,0,1,1,0,0,0,0],[0,0,0,1,0,0,0,0],[0,0,0,1,1,1,0,0],[0,0,0,0,0,1,0,0],[0,0,0,0,0,1,1,0],[0,0,0,0,0,0,1,1]]",0.6737222509637822,4.514364368734851,10.173837176505797,10.173837176505788,24,10,46,0.8130004830000778,0.0,8.537736462515939e-07,82.63764966403238,44.97644592823753,1.7732416014110517,136.1507986956363,0.0,0.0,0.0,0.49790411450277006,-11.712002561912241,1.7877278328393231,0.03556457960734072,0.5047304224706508,0,0,0,0
xxz_n8_s20268841,8,20268841,8,B08,"[[3,4],[2,3],[6,5],[2,1],[4,5],[0,1],[7,6]]","[[1,0,0,0,0,0,0,0],[1,1,1,0,0,0,0,0],[0,0,1,0,0,0,0,0],[0,0,1,1,0,0,0,0],[0,0,0,1,1,0,0,0],[0,0,0,1,1,1,1,0],[0,0,0,0,0,0,1,1],[0,0,0,0,0,0,0,1]]",0.6664305292884742,3.5201995856895607,12.064853992245212,12.064853992245215,24,11,47,0.7506632035788895,0.0,1.3430988015984157e-06,76.62387888313715,38.38081076997091,1.6411059485351636,755.098006415208,0.0,0.0,0.0,0.5233825320764254,-11.737480979485897,1.7622494152656678,0.03738446657688753,0.4792520048969955,0,0,0,0
xxz_n8_s20268841,8,20268841,9,B09,"[[1,0],[6,7],[4,5],[2,1],[3,4],[5,6],[2,3]]","[[1,1,0,0,0,0,0,0],[0,1,1,0,0,0,0,0],[0,0,1,0,0,0,0,0],[0,0,1,1,0,0,0,0],[0,0,0,1,1,0,0,0],[0,0,0,0,1,1,0,0],[0,0,0,0,1,1,1,0],[0,0,0,0,0,0,1,1]]",0.8707671092438962,4.368410016784723,8.279216533977282,8.279216533977282,24,10,46,0.7362208098342492,0.0,2.091309789151873e-06,85.67953351740412,44.34700733734002,1.7542569034846083,97.05535031383778,0.0,0.0,0.0,0.576488221482105,-11.790586668891576,1.7091437258599882,0.04117773010586464,0.4261463154913159,0,0,0,0
xxz_n8_s20268841,8,20268841,10,B10,"[[0,1],[4,3],[3,2],[6,7],[4,5],[2,1],[5,6]]","[[1,0,0,0,0,0,0,0],[1,1,1,1,1,0,0,0],[0,0,1,1,1,0,0,0],[0,0,0,1,1,0,0,0],[0,0,0,0,1,0,0,0],[0,0,0,0,1,1,0,0],[0,0,0,0,1,1,1,0],[0,0,0,0,0,0,1,1]]",1.719631328850033,8.33155221825465,9.912814240832644,9.912814240832665,24,11,47,0.6773793847157962,0.0,1.5582570900710779e-06,85.60578239075771,41.17516186927155,1.8190071109627053,54.49597882066443,0.0,0.0,0.0,1.0026345369734209,-12.216732984382892,1.2829974103686723,0.07161675264095864,0.0,0,1,0,1
xxz_n8_s20268841,8,20268841,11,B11,"[[4,5],[0,1],[3,2],[7,6],[6,5],[4,3],[1,2]]","[[1,0,0,0,0,0,0,0],[1,1,0,0,0,0,0,0],[1,1,1,1,0,0,0,0],[0,0,0,1,1,0,0,0],[0,0,0,0,1,0,0,0],[0,0,0,0,1,1,1,1],[0,0,0,0,0,0,1,1],[0,0,0,0,0,0,0,1]]",0.3365925871635381,2.3946576973964357,8.340572212835983,8.340572212835992,24,9,45,0.8022456456304131,0.0,2.000202849784148e-06,71.18376538007041,43.879110008378824,1.7402131836412176,99.40628893691624,0.0,0.0,0.0,0.43346243439015275,-11.647560881799624,1.8521695129519404,0.03096160245643948,0.5691721025832681,0,0,0,0
xxz_n8_s20268878,8,20268878,0,B00,"[[3,2],[4,3],[0,1],[2,1],[4,5],[7,6],[6,5]]","[[1,0,0,0,0,0,0,0],[1,1,1,1,0,0,0,0],[0,0,1,1,0,0,0,0],[0,0,0,1,1,0,0,0],[0,0,0,0,1,0,0,0],[0,0,0,0,1,1,1,1],[0,0,0,0,0,0,1,1],[0,0,0,0,0,0,0,1]]",0.44203698429277877,3.3880825636152068,8.866505129449315,8.866505129449337,24,9,45,0.7658686390530115,0.0,1.0305959579886636e-06,73.26391410425924,41.63327247084211,1.7545818559010855,74.41592971130973,0.0,0.0,0.0,0.48967834343601524,-11.70379448069809,1.7959359140534747,0.034977024531143944,0.65467713121126,0,0,0,0
xxz_n8_s20268878,8,20268878,1,B01,"[[1,2],[4,5],[3,2],[6,7],[6,5],[4,3],[0,1]]","[[1,0,0,0,0,0,0,0],[1,1,0,0,0,0,0,0],[0,1,1,1,0,0,0,0],[0,0,0,1,1,0,0,0],[0,0,0,0,1,0,0,0],[0,0,0,0,1,1,1,0],[0,0,0,0,0,0,1,0],[0,0,0,0,0,0,1,1]]",1.9221502489595017,6.403387672348509,11.53942948798083,11.539429487980833,24,12,48,0.7191475058870065,0.0,3.337029010528637,84.33432119489699,43.97114736495403,1.92051185571102,724.8838379763482,0.0,0.0,0.0,0.6541688124885408,-11.868284949750615,1.6314454450009492,0.046726343749181484,0.4901866621587345,1,0,0,0
xxz_n8_s20268878,8,20268878,2,B02,"[[1,0],[6,7],[2,1],[2,3],[4,5],[3,4],[5,6]]","[[1,1,0,0,0,0,0,0],[0,1,1,0,0,0,0,0],[0,0,1,0,0,0,0,0],[0,0,1,1,0,0,0,0],[0,0,1,1,1,0,0,0],[0,0,0,0,1,1,0,0],[0,0,0,0,1,1,1,0],[0,0,0,0,0,0,1,1]]",0.8852109346790331,4.978379511142433,8.401528977475296,8.401528977475277,24,11,47,0.7187529465573538,0.0,2.3368546416870086e-06,85.8211979932597,42.93441222499913,2.0384547457629774,36.536983499647235,0.0,0.0,0.0,0.5433809217854257,-11.7574970590475,1.7422333357040642,0.038812922984673266,0.6009745528618495,0,0,0,0
xxz_n8_s20268878,8,20268878,3,B03,"[[5,4],[6,7],[3,2],[1,0],[6,5],[2,1],[4,3]]","[[1,1,0,0,0,0,0,0],[0,1,1,1,0,0,0,0],[0,0,1,1,0,0,0,0],[0,0,0,1,1,1,0,0],[0,0,0,0,1,1,0,0],[0,0,0,0,0,1,1,0],[0,0,0,0,0,0,1,0],[0,0,0,0,0,0,1,1]]",1.0747294021007658,5.323900469920346,10.025205689576948,10.025205689576932,24,11,47,0.7348515166892313,0.0,1.808321601459805e-06,86.19307608671119,43.50641289245179,1.9746416596050254,75.11677646030299,0.0,0.0,0.0,0.4444566693940768,-11.658572806656151,1.8411575880954132,0.03174690495671977,0.6998988052531985,0,0,0,0
xxz_n8_s20268878,8,20268878,4,B04,"[[6,7],[3,2],[3,4],[2,1],[1,0],[6,5],[5,4]]","[[1,1,1,1,0,0,0,0],[0,1,1,1,0,0,0,0],[0,0,1,1,0,0,0,0],[0,0,0,1,0,0,0,0],[0,0,0,1,1,1,1,0],[0,0,0,0,0,1,1,0],[0,0,0,0,0,0,1,0],[0,0,0,0,0,0,1,1]]",1.1159175180027283,6.337517294543066,15.368018278152306,15.368018278152293,24,12,48,0.7477208577284097,0.0,11.284541380689843,85.61727898670483,44.061925231544514,1.8898501348707033,93.17250868826454,0.0,0.0,0.0,0.6716696929013217,-11.885785830163396,1.6139445645881683,0.0479764066358087,0.47268578174595355,0,0,0,0
xxz_n8_s20268878,8,20268878,5,B05,"[[0,1],[3,4],[4,5],[3,2],[6,7],[1,2],[5,6]]","[[1,0,0,0,0,0,0,0],[1,1,0,0,0,0,0,0],[1,1,1,1,0,0,0,0],[0,0,0,1,0,0,0,0],[0,0,0,1,1,0,0,0],[0,0,0,1,1,1,0,0],[0,0,0,1,1,1,1,0],[0,0,0,0,0,0,1,1]]",0.3855164572919165,2.5773496545676156,6.753456773135318,6.753456773135317,24,11,47,0.7865712408571172,0.0,1.7850445613114856e-06,87.07958783954936,32.73192371454552,1.614032031683417,240.13504541438206,0.0,0.0,0.0,0.29672173333117513,-11.51083787059325,1.9888925241583149,0.021194409523655366,0.8476337413161001,0,0,0,0
xxz_n8_s20268878,8,20268878,6,B06,"[[3,4],[4,5],[7,6],[0,1],[2,3],[5,6],[2,1]]","[[1,0,0,0,0,0,0,0],[1,1,1,0,0,0,0,0],[0,0,1,0,0,0,0,0],[0,0,1,1,0,0,0,0],[0,0,0,1,1,0,0,0],[0,0,0,1,1,1,0,0],[0,0,0,1,1,1,1,1],[0,0,0,0,0,0,0,1]]",0.36357264000465384,2.16926065121878,3.979682870932248,3.979682870932259,24,10,46,0.7615748884372632,0.0,1.9090959104164224e-06,79.44864556786005,30.86671122819182,1.44388473940941,243.35101986401037,0.0,0.0,0.0,0.22912287444831847,-11.443239011710393,2.0564913830411715,0.01636591960345132,0.9152326001989568,0,0,0,0
xxz_n8_s20268878,8,20268878,7,B07,"[[7,6],[2,1],[3,4],[4,5],[2,3],[0,1],[6,5]]","[[1,0,0,0,0,0,0,0],[1,1,1,0,0,0,0,0],[0,0,1,0,0,0,0,0],[0,0,1,1,0,0,0,0],[0,0,0,1,1,0,0,0],[0,0,0,1,1,1,1,1],[0,0,0,0,0,0,1,1],[0,0,0,0,0,0,0,1]]",0.3297457452956899,2.289596024710811,5.9002629033536635,5.900262903353659,24,9,45,0.7861299729712544,0.0,1.4787793334710982e-06,74.60765281898088,34.94659304582413,1.4619805277035258,197.09768900911064,0.0,0.0,0.0,0.448786350980642,-11.662902488242716,1.836827906508848,0.03205616792718872,0.6955691236666333,0,0,0,0
xxz_n8_s20268878,8,20268878,8,B08,"[[1,2],[6,7],[4,3],[1,0],[4,5],[3,2],[6,5]]","[[1,1,0,0,0,0,0,0],[0,1,0,0,0,0,0,0],[0,1,1,1,1,0,0,0],[0,0,0,1,1,0,0,0],[0,0,0,0,1,0,0,0],[0,0,0,0,1,1,1,0],[0,0,0,0,0,0,1,0],[0,0,0,0,0,0,1,1]]",1.384591295537776,5.708021749123392,11.41909830777789,11.4190983077779,24,11,47,0.7145866657527629,0.0,2.0611919159773272e-06,84.33527078520076,41.63254870992011,1.8692082258084453,111.90382789028267,0.0,0.0,0.0,0.6562075670905863,-11.87032370435266,1.6294066903989037,0.04687196907789902,0.488147907556689,0,0,0,0
xxz_n8_s20268878,8,20268878,9,B09,"[[5,4],[1,0],[3,2],[1,2],[3,4],[5,6],[7,6]]","[[1,1,0,0,0,0,0,0],[0,1,0,0,0,0,0,0],[0,1,1,1,0,0,0,0],[0,0,0,1,0,0,0,0],[0,0,0,1,1,1,0,0],[0,0,0,0,0,1,0,0],[0,0,0,0,0,1,1,1],[0,0,0,0,0,0,0,1]]",1.192863132257877,5.25005974663777,8.06869214876236,8.068692148762363,24,12,48,0.8069449226557838,0.0,8.235079678212278,66.33653601066092,39.160740597254424,1.9444095129325685,141.9161053340477,0.0,0.0,0.0,0.3230961763699476,-11.537212313632022,1.9625180811195424,0.023078298312139114,0.8212592982773277,0,0,0,0
xxz_n8_s20268878,8,20268878,10,B10,"[[6,7],[3,2],[5,4],[5,6],[4,3],[1,0],[2,1]]","[[1,1,0,0,0,0,0,0],[0,1,1,1,0,0,0,0],[0,0,1,1,0,0,0,0],[0,0,0,1,1,1,0,0],[0,0,0,0,1,1,0,0],[0,0,0,0,0,1,0,0],[0,0,0,0,0,1,1,0],[0,0,0,0,0,0,1,1]]",0.97191876121766,4.1561249455049785,7.591816035854042,7.5918160358540305,24,11,47,0.7477091318410033,0.0,2.4100968413386665e-06,69.73839866136441,43.51837590779994,2.047777380504319,74.70103044935261,0.0,0.0,0.0,0.3362134796748446,-11.550329616936919,1.9494007778146454,0.024015248548203187,0.8081419949724307,0,0,0,0
xxz_n8_s20268878,8,20268878,11,B11,"[[2,1],[6,5],[0,1],[3,2],[7,6],[4,3],[4,5]]","[[1,0,0,0,0,0,0,0],[1,1,1,0,0,0,0,0],[0,0,1,1,0,0,0,0],[0,0,0,1,1,0,0,0],[0,0,0,0,1,0,0,0],[0,0,0,0,1,1,1,0],[0,0,0,0,0,0,1,1],[0,0,0,0,0,0,0,1]]",3.358638464523317,14.08890680133685,21.451118229780246,21.45111822978025,24,12,48,0.7015938258002236,0.0,2.488065097715574,87.64835499969976,37.07211121805452,1.548263110622636,1381.964245156075,0.0,0.0,0.0,1.1443554746472753,-12.35847161190935,1.1412587828422147,0.08173967676051966,0.0,0,1,1,1
xxz_n8_s20268915,8,20268915,0,B00,"[[5,4],[2,3],[7,6],[0,1],[2,1],[4,3],[6,5]]","[[1,0,0,0,0,0,0,0],[1,1,1,0,0,0,0,0],[0,0,1,0,0,0,0,0],[0,0,1,1,1,1,0,0],[0,0,0,0,1,1,0,0],[0,0,0,0,0,1,1,1],[0,0,0,0,0,0,1,1],[0,0,0,0,0,0,0,1]]",1.0402030772473827,4.088579554093017,8.511182107353473,8.511182107353468,24,11,47,0.702554441685622,0.0,1.983210018212869e-06,78.34465715031035,42.71224798825398,1.8733955576330563,98.33973787440726,0.0,0.0,0.0,0.6338122545447114,-11.847861314155674,1.6518690805958904,0.04527230389605081,0.46631496707228237,0,0,0,0
xxz_n8_s20268915,8,20268915,1,B01,"[[3,2],[2,1],[6,5],[1,0],[7,6],[4,3],[5,4]]","[[1,1,1,1,0,0,0,0],[0,1,1,1,0,0,0,0],[0,0,1,1,0,0,0,0],[0,0,0,1,1,0,0,0],[0,0,0,0,1,1,1,0],[0,0,0,0,0,1,1,0],[0,0,0,0,0,0,1,1],[0,0,0,0,0,0,0,1]]",1.1406093734160803,4.84358532824871,15.41975907217672,15.419759072176717,24,14,50,0.6682017230592394,0.0,28.662897261411377,88.64482581661738,42.1767061030724,1.929023950974754,485.18472087461686,0.0,0.0,0.0,0.5973589546630915,-11.811408014274054,1.6883223804775103,0.0426684967616494,0.5027682669539022,0,0,0,0
xxz_n8_s20268915,8,20268915,2,B02,"[[7,6],[5,6],[2,3],[4,3],[5,4],[1,0],[2,1]]","[[1,1,0,0,0,0,0,0],[0,1,1,0,0,0,0,0],[0,0,1,0,0,0,0,0],[0,0,1,1,1,0,0,0],[0,0,0,0,1,1,0,0],[0,0,0,0,0,1,0,0],[0,0,0,0,0,1,1,1],[0,0,0,0,0,0,0,1]]",0.6416167587576346,4.205827380748752,8.561072657051529,8.561072657051541,24,10,46,0.7529964441366156,0.0,2.000202849784148e-06,79.33532749515989,43.08637809148947,1.9556259242707332,47.5951738282706,0.0,0.0,0.0,0.4437917920713037,-11.657840851682266,1.841889543069298,0.03169941371937884,0.65633542954569,0,0,0,0
xxz_n8_s20268915,8,20268915,3,B03,"[[7,6],[4,5],[4,3],[0,1],[2,3],[1,2],[6,5]]","[[1,0,0,0,0,0,0,0],[1,1,0,0,0,0,0,0],[1,1,1,0,0,0,0,0],[0,0,1,1,1,0,0,0],[0,0,0,0,1,0,0,0],[0,0,0,0,1,1,1,1],[0,0,0,0,0,0,1,1],[0,0,0,0,0,0,0,1]]",1.0724781048625256,5.2784611859987,9.820376755559492,9.82037675555947,24,11,47,0.7516670429628062,0.0,2.3929359758515817e-06,67.45193943425815,44.61598903363856,1.9874715215532792,94.82441834519393,0.0,0.0,0.0,0.6716290829664189,-11.885678142577381,1.614052252174183,0.04797350592617278,0.42849813865057484,0,0,0,0
xxz_n8_s20268915,8,20268915,4,B04,"[[2,1],[4,3],[7,6],[4,5],[1,0],[3,2],[6,5]]","[[1,1,1,0,0,0,0,0],[0,1,1,0,0,0,0,0],[0,0,1,1,1,0,0,0],[0,0,0,1,1,0,0,0],[0,0,0,0,1,0,0,0],[0,0,0,0,1,1,1,1],[0,0,0,0,0,0,1,1],[0,0,0,0,0,0,0,1]]",3.51802199045951,12.112880180325805,18.98998445352906,18.989984453529047,24,12,48,0.7060955361669867,0.0,3.1359022341028933,85.74710450168655,38.922653290882415,1.7858813595397571,1145.5139752879911,0.0,0.0,0.0,1.1001272216169937,-12.314176281227956,1.185554113523608,0.07858051582978527,0.0,0,1,1,1
xxz_n8_s20268915,8,20268915,5,B05,"[[0,1],[7,6],[3,2],[5,4],[6,5],[3,4],[2,1]]","[[1,0,0,0,0,0,0,0],[1,1,1,1,0,0,0,0],[0,0,1,1,0,0,0,0],[0,0,0,1,0,0,0,0],[0,0,0,1,1,1,0,0],[0,0,0,0,0,1,1,1],[0,0,0,0,0,0,1,1],[0,0,0,0,0,0,0,1]]",0.5513347083500271,2.9671484358812066,7.2332451977398255,7.233245197739811,24,11,47,0.8009599662917251,0.0,2.4880787391031246e-06,79.91897397540305,43.00015017321766,1.947632281145208,496.8407419667467,0.0,0.0,0.0,0.4872627894619104,-11.701311849072873,1.7984185456786914,0.034804484961565026,0.6128644321550833,0,0,0,0
xxz_n8_s20268915,8,20268915,6,B06,"[[7,6],[5,4],[5,6],[0,1],[4,3],[3,2],[1,2]]","[[1,0,0,0,0,0,0,0],[1,1,0,0,0,0,0,0],[1,1,1,1,1,1,0,0],[0,0,0,1,1,1,0,0],[0,0,0,0,1,1,0,0],[0,0,0,0,0,1,0,0],[0,0,0,0,0,1,1,1],[0,0,0,0,0,0,0,1]]",0.7006574470642744,3.115312679303112,8.28110130735492,8.281101307354913,24,10,46,0.7657165075015104,0.0,1.3430988015984157e-06,85.81069589652698,44.20011588378137,1.7731677874241947,91.29753815380646,0.0,0.0,0.0,0.3313172804245337,-11.545366340035496,1.954364054716068,0.023665520030323833,0.76880994119246,0,0,0,0
xxz_n8_s20268915,8,20268915,7,B07,"[[0,1],[3,4],[4,5],[2,3],[7,6],[5,6],[1,2]]","[[1,0,0,0,0,0,0,0],[1,1,0,0,0,0,0,0],[1,1,1,0,0,0,0,0],[0,0,1,1,0,0,0,0],[0,0,0,1,1,0,0,0],[0,0,0,1,1,1,0,0],[0,0,0,1,1,1,1,1],[0,0,0,0,0,0,0,1]]",0.4980776020180775,2.4525531719773177,3.192918858954413,3.1929188589544095,24,11,47,0.7426348771961582,0.0,1.707547292503188e-06,76.0046399143615,44.238273892227014,1.7242220317000012,1552.1099214882274,0.0,0.0,0.0,0.13033979159699882,-11.344388851207961,2.155341543543603,0.009309985114071344,0.9697874300199949,0,0,0,0
xxz_n8_s20268915,8,20268915,8,B08,"[[5,4],[4,3],[3,2],[2,1],[6,7],[1,0],[5,6]]","[[1,1,1,1,1,1,0,0],[0,1,1,1,1,1,0,0],[0,0,1,1,1,1,0,0],[0,0,0,1,1,1,0,0],[0,0,0,0,1,1,0,0],[0,0,0,0,0,1,0,0],[0,0,0,0,0,1,1,0],[0,0,0,0,0,0,1,1]]",0.7159229406406241,3.462025016869866,5.277973145703383,5.277973145703384,24,12,48,0.6110394745893127,0.0,16.765127183936468,86.52229202716313,41.558409623808075,1.6391142672812689,116.53269028312963,0.0,0.0,0.0,0.3962946260488458,-11.610343685659808,1.889386709091756,0.028306759003488984,0.7038325955681479,0,0,0,0
xxz_n8_s20268915,8,20268915,9,B09,"[[3,2],[2,1],[1,0],[6,5],[3,4],[7,6],[4,5]]","[[1,1,1,1,0,0,0,0],[0,1,1,1,0,0,0,0],[0,0,1,1,0,0,0,0],[0,0,0,1,0,0,0,0],[0,0,0,1,1,0,0,0],[0,0,0,1,1,1,1,0],[0,0,0,0,0,0,1,1],[0,0,0,0,0,0,0,1]]",0.8455887447768486,4.364404708804475,14.954592002541252,14.954592002541272,24,13,49,0.7631756660418509,0.0,15.772737533478885,69.81574604334808,43.201322612651715,2.0871703585873127,725.9552582886633,0.0,0.0,0.0,0.6835761775456781,-11.89762523715664,1.6021051575949237,0.048826869824691296,0.4165510440713156,0,0,0,0
xxz_n8_s20268915,8,20268915,10,B10,"[[1,0],[6,7],[4,5],[3,2],[2,1],[6,5],[4,3]]","[[1,1,0,0,0,0,0,0],[0,1,1,1,0,0,0,0],[0,0,1,1,0,0,0,0],[0,0,0,1,1,0,0,0],[0,0,0,0,1,0,0,0],[0,0,0,0,1,1,1,0],[0,0,0,0,0,0,1,0],[0,0,0,0,0,0,1,1]]",1.5565806088127836,6.238259404697315,11.69345573048329,11.6934557304833,24,11,47,0.713388683662727,0.0,1.166276489861346e-06,83.53367968362383,40.93923161001975,1.864067401020469,75.40829951065119,0.0,0.0,0.0,0.6373678199656663,-11.851416879576629,1.6483135151749355,0.04552627285469045,0.46275940165132745,0,0,0,0
xxz_n8_s20268915,8,20268915,11,B11,"[[5,6],[2,3],[4,5],[4,3],[0,1],[2,1],[7,6]]","[[1,0,0,0,0,0,0,0],[1,1,1,0,0,0,0,0],[0,0,1,0,0,0,0,0],[0,0,1,1,1,0,0,0],[0,0,0,0,1,0,0,0],[0,0,0,0,1,1,0,0],[0,0,0,0,0,1,1,1],[0,0,0,0,0,0,0,1]]",1.002426442205011,4.128254173268693,10.379026070841125,10.379026070841126,24,11,47,0.7251407442027779,0.0,2.746580599325721e-06,78.36823839123912,39.10362989231249,1.818519074303572,99.38001624813171,0.0,0.0,0.0,0.6625328014995002,-11.876581861110463,1.6231485336411016,0.047323771535678585,0.4375944201174935,1,0,0,0
xxz_n8_s20268952,8,20268952,0,B00,"[[6,7],[1,0],[5,6],[4,5],[3,2],[4,3],[2,1]]","[[1,1,0,0,0,0,0,0],[0,1,1,1,0,0,0,0],[0,0,1,1,0,0,0,0],[0,0,0,1,1,0,0,0],[0,0,0,0,1,0,0,0],[0,0,0,0,1,1,0,0],[0,0,0,0,0,1,1,0],[0,0,0,0,0,0,1,1]]",0.924832311915719,4.102979072517802,7.434155584370638,7.434155584370626,24,10,46,0.7516499780374074,0.0,1.2074182697257333e-06,82.56970056285624,41.71047563383121,1.8577731087324492,77.18144230048476,0.0,0.0,0.0,0.3109483049246684,-11.525058234784215,1.9746721599673496,0.022210593208904887,0.7785161573904968,0,0,0,0
xxz_n8_s20268952,8,20268952,1,B01,"[[2,3],[4,5],[1,0],[2,1],[6,7],[3,4],[5,6]]","[[1,1,0,0,0,0,0,0],[0,1,1,0,0,0,0,0],[0,0,1,0,0,0,0,0],[0,0,1,1,0,0,0,0],[0,0,1,1,1,0,0,0],[0,0,0,0,1,1,0,0],[0,0,0,0,1,1,1,0],[0,0,0,0,0,0,1,1]]",0.7659825944338352,4.400188401232688,8.96380842277597,8.963808422775978,24,11,47,0.7304457062126359,0.0,2.311256427366055e-06,80.31232672043015,43.620833980924225,2.055512084851478,39.88114449565474,0.0,0.0,0.0,0.6454560117548684,-11.859565941614415,1.6401644531371495,0.04610400083963346,0.4440084505602968,0,0,0,0
xxz_n8_s20268952,8,20268952,2,B02,"[[7,6],[2,3],[4,5],[1,2],[0,1],[6,5],[4,3]]","[[1,0,0,0,0,0,0,0],[1,1,0,0,0,0,0,0],[0,1,1,0,0,0,0,0],[0,0,1,1,1,0,0,0],[0,0,0,0,1,0,0,0],[0,0,0,0,1,1,1,1],[0,0,0,0,0,0,1,1],[0,0,0,0,0,0,0,1]]",1.3428753232907915,5.774648213271517,8.468075645040598,8.468075645040598,24,12,48,0.6735753579611812,0.0,12.867292172614698,80.49722993596143,44.82083813888512,2.022648148944934,50.41991940188619,0.0,0.0,0.0,0.6391762548695112,-11.853286184729058,1.6464442100225067,0.04565544677639366,0.450288207445654,0,0,0,0
xxz_n8_s20268952,8,20268952,3,B03,"[[5,6],[2,1],[3,2],[7,6],[4,5],[1,0],[4,3]]","[[1,1,1,0,0,0,0,0],[0,1,1,0,0,0,0,0],[0,0,1,1,0,0,0,0],[0,0,0,1,1,0,0,0],[0,0,0,0,1,0,0,0],[0,0,0,0,1,1,0,0],[0,0,0,0,0,1,1,1],[0,0,0,0,0,0,0,1]]",2.5677559875807545,9.574924697232325,16.02022980159271,16.02022980159274,24,11,47,0.7338177728967796,0.0,1.808321601459805e-06,89.31090523069862,44.367137979149504,1.5434942992634444,1980.3555513588583,0.0,0.0,0.0,0.7756248393426866,-11.989734769202233,1.5099956255493314,0.05540177423876332,0.3138396229724787,1,1,1,0
xxz_n8_s20268952,8,20268952,4,B04,"[[2,3],[2,1],[3,4],[5,4],[0,1],[5,6],[7,6]]","[[1,0,0,0,0,0,0,0],[1,1,1,0,0,0,0,0],[0,0,1,0,0,0,0,0],[0,0,1,1,0,0,0,0],[0,0,1,1,1,1,0,0],[0,0,0,0,0,1,0,0],[0,0,0,0,0,1,1,1],[0,0,0,0,0,0,0,1]]",1.2506521725004625,5.612784367640148,11.780120793714085,11.7801207937141,24,11,47,0.765912059325187,0.0,8.537736462515939e-07,81.91741979607428,44.412544209590536,1.8339118484899888,98.96216612825846,0.0,0.0,0.0,0.6589134783292661,-11.873023408188812,1.626706986562752,0.04706524845209043,0.4305509839858992,0,0,0,0
xxz_n8_s20268952,8,20268952,5,B05,"[[4,5],[3,2],[7,6],[6,5],[3,4],[2,1],[1,0]]","[[1,1,1,1,0,0,0,0],[0,1,1,1,0,0,0,0],[0,0,1,1,0,0,0,0],[0,0,0,1,0,0,0,0],[0,0,0,1,1,0,0,0],[0,0,0,0,1,1,1,1],[0,0,0,0,0,0,1,1],[0,0,0,0,0,0,0,1]]",0.6822682794198458,3.578260588098217,9.358171972578289,9.358171972578283,24,11,47,0.7831738923131084,0.0,1.8688260386968244e-06,66.15157792945776,44.87505088135409,2.061524679472527,83.78489218383487,0.0,0.0,0.0,0.5221719631077129,-11.73628189296726,1.7634485017843051,0.03729799736483663,0.5672924992074524,0,0,0,0
xxz_n8_s20268952,8,20268952,6,B06,"[[1,0],[6,5],[2,1],[4,3],[3,2],[4,5],[6,7]]","[[1,1,0,0,0,0,0,0],[0,1,1,0,0,0,0,0],[0,0,1,1,1,0,0,0],[0,0,0,1,1,0,0,0],[0,0,0,0,1,0,0,0],[0,0,0,0,1,1,1,0],[0,0,0,0,0,0,1,0],[0,0,0,0,0,0,1,1]]",1.8435854010626782,6.474864733923423,13.40928648112665,13.409286481126648,24,12,48,0.6984441964608669,0.0,11.30587605294637,83.9068541322564,35.03325769942756,1.9127355617123116,85.8644623029145,0.0,0.0,0.0,0.7897282309494074,-12.003838160808954,1.4958922339426106,0.056409159353529095,0.2997362313657579,0,0,0,0
xxz_n8_s20268952,8,20268952,7,B07,"[[5,4],[3,2],[1,0],[6,5],[7,6],[4,3],[2,1]]","[[1,1,0,0,0,0,0,0],[0,1,1,1,0,0,0,0],[0,0,1,1,0,0,0,0],[0,0,0,1,1,1,0,0],[0,0,0,0,1,1,0,0],[0,0,0,0,0,1,1,0],[0,0,0,0,0,0,1,1],[0,0,0,0,0,0,0,1]]",0.9799421946328564,3.619811939449383,7.407241208201043,7.4072412082010475,24,13,49,0.7241755268224549,0.0,25.216012420986488,73.10349381913841,41.539794556107736,2.2465157103581674,129.30475891385794,0.0,0.0,0.0,0.4157227628890432,-11.62983269274859,1.8698977020029748,0.029694483063503085,0.673741699426122,0,0,0,0
xxz_n8_s20268952,8,20268952,8,B08,"[[1,0],[4,5],[3,4],[2,1],[5,6],[2,3],[7,6]]","[[1,1,0,0,0,0,0,0],[0,1,1,0,0,0,0,0],[0,0,1,0,0,0,0,0],[0,0,1,1,0,0,0,0],[0,0,0,1,1,0,0,0],[0,0,0,0,1,1,0,0],[0,0,0,0,1,1,1,1],[0,0,0,0,0,0,0,1]]",0.5036214877401762,2.9568812992374527,7.046654376334016,7.046654376334033,24,9,45,0.7682495985341912,0.0,0.0,75.17507065300813,44.017136963597,1.6466608857616636,103.05369773474861,0.0,0.0,0.0,0.5724651361143014,-11.786575065973848,1.7131553287777166,0.04089036686530724,0.5169993262008639,0,0,0,0
xxz_n8_s20268952,8,20268952,9,B09,"[[6,7],[1,0],[2,3],[5,4],[5,6],[3,4],[2,1]]","[[1,1,0,0,0,0,0,0],[0,1,1,0,0,0,0,0],[0,0,1,0,0,0,0,0],[0,0,1,1,0,0,0,0],[0,0,1,1,1,1,0,0],[0,0,0,0,0,1,0,0],[0,0,0,0,0,1,1,0],[0,0,0,0,0,0,1,1]]",0.5615012529930248,3.12695503871277,8.012130588302401,8.01213058830242,24,9,45,0.8094640080986594,0.0,4.2688682312579694e-07,78.25236236327042,42.64132124486708,1.831252782690824,82.72445268795451,0.0,0.0,0.0,0.5677036604812677,-11.781813590340814,1.7179168044107502,0.0405502614629477,0.5217608018338975,0,0,0,0
xxz_n8_s20268952,8,20268952,10,B10,"[[1,0],[3,4],[7,6],[2,1],[3,2],[5,6],[4,5]]","[[1,1,0,0,0,0,0,0],[0,1,1,0,0,0,0,0],[0,0,1,1,0,0,0,0],[0,0,0,1,0,0,0,0],[0,0,0,1,1,0,0,0],[0,0,0,1,1,1,0,0],[0,0,0,0,0,1,1,1],[0,0,0,0,0,0,0,1]]",0.8883297392998653,3.114071678369803,8.591518399125269,8.591518399125258,24,11,47,0.7564278455708852,0.0,2.0611919159773272e-06,78.46560386561158,43.68665175613856,1.8557119101821165,465.0326862595369,0.0,0.0,0.0,0.34867119695833715,-11.562781126817884,1.9369492679336808,0.024905085497024082,0.7407932653568281,0,0,0,0
xxz_n8_s20268952,8,20268952,11,B11,"[[6,7],[0,1],[4,5],[2,1],[4,3],[5,6],[2,3]]","[[1,0,0,0,0,0,0,0],[1,1,1,0,0,0,0,0],[0,0,1,0,0,0,0,0],[0,0,1,1,1,0,0,0],[0,0,0,0,1,0,0,0],[0,0,0,0,1,1,0,0],[0,0,0,0,1,1,1,0],[0,0,0,0,0,0,1,1]]",1.2264407651809428,5.749428409343158,10.709929662977208,10.70992966297723,24,12,48,0.6794407678422986,0.0,9.191950026849632,81.94468702210938,42.97540148461004,1.9347275809123312,85.67656903087196,0.0,0.0,0.0,1.0894644623151652,-12.303574392174712,1.1961560025768527,0.07781889016536894,0.0,0,0,0,1
xxz_n10_s20270804,10,20270804,0,B00,"[[3,4],[2,1],[8,9],[5,6],[7,8],[0,1],[3,2],[5,4],[7,6]]","[[1,0,0,0,0,0,0,0,0,0],[1,1,1,0,0,0,0,0,0,0],[0,0,1,1,0,0,0,0,0,0],[0,0,0,1,0,0,0,0,0,0],[0,0,0,1,1,1,0,0,0,0],[0,0,0,0,0,1,0,0,0,0],[0,0,0,0,0,1,1,1,0,0],[0,0,0,0,0,0,0,1,0,0],[0,0,0,0,0,0,0,1,1,0],[0,0,0,0,0,0,0,0,1,1]]",0.2963784749373898,1.9824528589232702,4.407954258058163,4.407954258058162,30,14,60,0.8220409813521681,0.0,2.0839843271694865e-06,89.98976594709454,43.64918617077008,1.564132622662104,76663.48247275576,0.0,0.0,0.0,0.31670376176454695,-14.759717850120923,2.272422979010633,0.01759465343136372,0.6320354892659328,0,0,0,0
xxz_n10_s20270804,10,20270804,1,B01,"[[8,9],[1,2],[6,5],[2,3],[7,6],[1,0],[5,4],[4,3],[8,7]]","[[1,1,0,0,0,0,0,0,0,0],[0,1,0,0,0,0,0,0,0,0],[0,1,1,0,0,0,0,0,0,0],[0,1,1,1,1,1,1,0,0,0],[0,0,0,0,1,1,1,0,0,0],[0,0,0,0,0,1,1,0,0,0],[0,0,0,0,0,0,1,1,0,0],[0,0,0,0,0,0,0,1,1,0],[0,0,0,0,0,0,0,0,1,0],[0,0,0,0,0,0,0,0,1,1]]",2.047240196591897,8.255923347364334,9.249641380094467,9.249641380094472,30,13,59,0.7029606343157585,0.0,4.2688682312579694e-07,89.98891605484579,39.33705892033956,1.5225520605651255,1674.3065523674331,0.0,0.0,0.0,0.6172381680097985,-15.060252256366175,1.9718885727653817,0.034291009333877694,0.33150108302068126,0,0,0,0
xxz_n10_s20270804,10,20270804,2,B02,"[[7,6],[2,3],[8,9],[0,1],[7,8],[3,4],[6,5],[2,1],[4,5]]","[[1,0,0,0,0,0,0,0,0,0],[1,1,1,0,0,0,0,0,0,0],[0,0,1,0,0,0,0,0,0,0],[0,0,1,1,0,0,0,0,0,0],[0,0,1,1,1,0,0,0,0,0],[0,0,1,1,1,1,1,1,0,0],[0,0,0,0,0,0,1,1,0,0],[0,0,0,0,0,0,0,1,0,0],[0,0,0,0,0,0,0,1,1,0],[0,0,0,0,0,0,0,0,1,1]]",0.3716876912664642,2.243830629465668,4.344978087949646,4.3449780879496505,30,13,59,0.7560659961265707,0.0,2.000202849784148e-06,89.97293762695183,44.06634450692111,2.04380771481808,79983.50895252539,0.0,0.0,0.0,0.22636348906422654,-14.669377577420603,2.3627632517109536,0.01257574939245703,0.7223757619662532,1,0,0,0
xxz_n10_s20270804,10,20270804,3,B03,"[[6,7],[5,6],[8,7],[2,1],[1,0],[3,2],[8,9],[5,4],[3,4]]","[[1,1,1,0,0,0,0,0,0,0],[0,1,1,0,0,0,0,0,0,0],[0,0,1,1,0,0,0,0,0,0],[0,0,0,1,0,0,0,0,0,0],[0,0,0,1,1,1,0,0,0,0],[0,0,0,0,0,1,0,0,0,0],[0,0,0,0,0,1,1,0,0,0],[0,0,0,0,0,0,1,1,1,0],[0,0,0,0,0,0,0,0,1,0],[0,0,0,0,0,0,0,0,1,1]]",0.4720050204604337,4.466199769599535,9.257247839979375,9.25724783997937,30,15,61,0.7825658645666045,0.0,0.4758744384738708,85.94013125033979,43.69168907268896,2.0541816792956387,147040.7381259345,0.0,0.0,0.0,0.38137726646357883,-14.824391354819955,2.2077494743116013,0.02118762591464327,0.5673619845669009,0,0,0,0
xxz_n10_s20270804,10,20270804,4,B04,"[[6,5],[1,2],[8,7],[8,9],[4,5],[3,2],[7,6],[4,3],[0,1]]","[[1,0,0,0,0,0,0,0,0,0],[1,1,0,0,0,0,0,0,0,0],[0,1,1,1,0,0,0,0,0,0],[0,0,0,1,1,0,0,0,0,0],[0,0,0,0,1,0,0,0,0,0],[0,0,0,0,1,1,1,0,0,0],[0,0,0,0,0,0,1,1,1,0],[0,0,0,0,0,0,0,1,1,0],[0,0,0,0,0,0,0,0,1,0],[0,0,0,0,0,0,0,0,1,1]]",3.715318164365489,12.317887293157515,16.442382924429428,16.442382924429456,30,16,62,0.6311175931793284,0.0,3.399143386918887,89.99951754285576,44.51835002306795,1.6993951439302661,1065980.7875098174,0.0,0.0,0.0,0.9487392510304797,-15.391753339386856,1.6403874897447004,0.052707736168359984,0.0,0,1,1,1
xxz_n10_s20270804,10,20270804,5,B05,"[[4,3],[5,4],[1,0],[9,8],[1,2],[6,7],[6,5],[2,3],[7,8]]","[[1,1,0,0,0,0,0,0,0,0],[0,1,0,0,0,0,0,0,0,0],[0,1,1,0,0,0,0,0,0,0],[0,1,1,1,1,0,0,0,0,0],[0,0,0,0,1,1,0,0,0,0],[0,0,0,0,0,1,1,0,0,0],[0,0,0,0,0,0,1,0,0,0],[0,0,0,0,0,0,1,1,0,0],[0,0,0,0,0,0,1,1,1,1],[0,0,0,0,0,0,0,0,0,1]]",1.016615770906633,3.89151042939513,5.472013756751831,5.472013756751825,30,13,59,0.7488380575375004,0.0,2.4100968413386665e-06,67.96580890278632,43.030572271885525,2.0259826267749492,995.9284339374664,0.0,0.0,0.0,0.19258178168498397,-14.63559587004136,2.396544959090196,0.010698987871387998,0.7561574693454958,0,0,0,0
xxz_n10_s20270804,10,20270804,6,B06,"[[1,2],[4,5],[6,7],[8,9],[1,0],[5,6],[2,3],[7,8],[3,4]]","[[1,1,0,0,0,0,0,0,0,0],[0,1,0,0,0,0,0,0,0,0],[0,1,1,0,0,0,0,0,0,0],[0,1,1,1,0,0,0,0,0,0],[0,1,1,1,1,0,0,0,0,0],[0,0,0,0,1,1,0,0,0,0],[0,0,0,0,1,1,1,0,0,0],[0,0,0,0,0,0,1,1,0,0],[0,0,0,0,0,0,1,1,1,0],[0,0,0,0,0,0,0,0,1,1]]",1.0161819735831716,4.310620985997828,5.759004635818653,5.759004635818652,30,16,62,0.6559317165248776,0.0,21.229019129404918,89.93933329184222,42.96268046676616,2.263725101384561,871.3751357457897,0.0,0.0,0.0,0.24541364463680004,-14.688427732993176,2.34371309613838,0.013634091368711113,0.7033256063936797,0,0,0,0
xxz_n10_s20270804,10,20270804,7,B07,"[[1,0],[9,8],[2,3],[4,5],[2,1],[7,8],[6,5],[3,4],[7,6]]","[[1,1,0,0,0,0,0,0,0,0],[0,1,1,0,0,0,0,0,0,0],[0,0,1,0,0,0,0,0,0,0],[0,0,1,1,0,0,0,0,0,0],[0,0,1,1,1,0,0,0,0,0],[0,0,0,0,1,1,1,0,0,0],[0,0,0,0,0,0,1,1,0,0],[0,0,0,0,0,0,0,1,0,0],[0,0,0,0,0,0,0,1,1,1],[0,0,0,0,0,0,0,0,0,1]]",1.0178614374789532,5.2599159537059865,10.455371188039864,10.455371188039855,30,14,60,0.6974396061805518,0.0,2.25307316430167e-06,89.97952400056604,44.236634325849515,2.0931813404428548,96.66800449912324,0.0,0.0,0.0,0.35693679621603636,-14.799950884572413,2.2321899445591438,0.01982982201200202,0.5918024548144434,0,0,0,0
xxz_n10_s20270804,10,20270804,8,B08,"[[4,5],[1,0],[2,3],[8,9],[1,2],[6,5],[3,4],[7,6],[8,7]]","[[1,1,0,0,0,0,0,0,0,0],[0,1,0,0,0,0,0,0,0,0],[0,1,1,0,0,0,0,0,0,0],[0,0,1,1,0,0,0,0,0,0],[0,0,1,1,1,0,0,0,0,0],[0,0,0,0,1,1,1,0,0,0],[0,0,0,0,0,0,1,1,0,0],[0,0,0,0,0,0,0,1,1,0],[0,0,0,0,0,0,0,0,1,0],[0,0,0,0,0,0,0,0,1,1]]",2.0470771104313044,8.50082915120989,9.369012051973481,9.36901205197348,30,14,60,0.6287282978343839,0.0,1.3814347783340081e-06,89.98891605507085,41.96971317335693,1.6945067470994741,80.06841021523488,0.0,0.0,0.0,0.5999406682006256,-15.042954756557002,1.9891860725745545,0.03333003712225698,0.3487985828298541,0,0,0,0
xxz_n10_s20270804,10,20270804,9,B09,"[[7,6],[8,7],[5,6],[3,4],[5,4],[1,0],[1,2],[2,3],[8,9]]","[[1,1,0,0,0,0,0,0,0,0],[0,1,0,0,0,0,0,0,0,0],[0,1,1,0,0,0,0,0,0,0],[0,1,1,1,0,0,0,0,0,0],[0,0,0,1,1,1,0,0,0,0],[0,0,0,0,0,1,0,0,0,0],[0,0,0,0,0,1,1,1,0,0],[0,0,0,0,0,0,0,1,1,0],[0,0,0,0,0,0,0,0,1,0],[0,0,0,0,0,0,0,0,1,1]]",0.8441489545986437,3.495154446353911,5.4227308044272,5.4227308044272,30,15,61,0.7987776198541173,0.0,3.3415018423015224,80.52316722855355,42.190707859205375,1.751267991749873,717.9472403207362,0.0,0.0,0.0,0.24359614786713557,-14.686610236223512,2.3455305929080446,0.013533119325951977,0.7051431031633442,0,0,0,0
xxz_n10_s20270804,10,20270804,10,B10,"[[5,4],[9,8],[2,3],[4,3],[1,0],[7,6],[6,5],[1,2],[7,8]]","[[1,1,0,0,0,0,0,0,0,0],[0,1,0,0,0,0,0,0,0,0],[0,1,1,0,0,0,0,0,0,0],[0,0,1,1,1,1,0,0,0,0],[0,0,0,0,1,1,0,0,0,0],[0,0,0,0,0,1,1,1,0,0],[0,0,0,0,0,0,1,1,0,0],[0,0,0,0,0,0,0,1,0,0],[0,0,0,0,0,0,0,1,1,1],[0,0,0,0,0,0,0,0,0,1]]",0.6766773826835362,2.5472780067837704,5.459906189748185,5.459906189748184,30,14,60,0.7520795139317756,0.0,2.2352084245856024e-06,79.00079158581136,40.38021276621565,2.122578972233592,1387.3741588470461,0.0,0.0,0.0,0.1978490415516312,-14.640863129908007,2.391277699223549,0.010991613419535065,0.7508902094788485,0,0,0,0
xxz_n10_s20270804,10,20270804,11,B11,"[[3,2],[1,0],[8,7],[6,7],[6,5],[5,4],[3,4],[1,2],[9,8]]","[[1,1,0,0,0,0,0,0,0,0],[0,1,0,0,0,0,0,0,0,0],[0,1,1,1,0,0,0,0,0,0],[0,0,0,1,0,0,0,0,0,0],[0,0,0,1,1,1,1,0,0,0],[0,0,0,0,0,1,1,0,0,0],[0,0,0,0,0,0,1,0,0,0],[0,0,0,0,0,0,1,1,1,0],[0,0,0,0,0,0,0,0,1,1],[0,0,0,0,0,0,0,0,0,1]]",0.8268533828085953,4.120708169433932,8.205152738110545,8.205152738110538,30,16,62,0.7640325465608474,0.0,2.927603777781292,88.78424065976155,43.43310073913941,2.2319921955312894,35019.10496719029,0.0,0.0,0.0,0.3606090957417809,-14.803623184098157,2.228517645033399,0.02003383865232116,0.5881301552886988,0,0,0,0
xxz_n10_s20270841,10,20270841,0,B00,"[[2,3],[8,9],[4,3],[5,4],[6,5],[7,6],[0,1],[8,7],[2,1]]","[[1,0,0,0,0,0,0,0,0,0],[1,1,1,0,0,0,0,0,0,0],[0,0,1,0,0,0,0,0,0,0],[0,0,1,1,1,0,0,0,0,0],[0,0,0,0,1,1,0,0,0,0],[0,0,0,0,0,1,1,0,0,0],[0,0,0,0,0,0,1,1,0,0],[0,0,0,0,0,0,0,1,1,0],[0,0,0,0,0,0,0,0,1,0],[0,0,0,0,0,0,0,0,1,1]]",0.5299094287584087,3.0638207673946267,6.88429013427855,6.884290134278549,30,15,61,0.6727641643037031,0.0,3.9053313177520375,89.999672006291,41.33290062330397,1.9163620838183382,857.6847710280399,0.0,0.0,0.0,0.49854513232514996,-14.941567567240144,2.0905732618914126,0.027696951795841664,0.5075443144476814,0,0,0,0
xxz_n10_s20270841,10,20270841,1,B01,"[[1,0],[5,4],[2,3],[1,2],[7,8],[3,4],[5,6],[7,6],[9,8]]","[[1,1,0,0,0,0,0,0,0,0],[0,1,0,0,0,0,0,0,0,0],[0,1,1,0,0,0,0,0,0,0],[0,0,1,1,0,0,0,0,0,0],[0,0,1,1,1,1,0,0,0,0],[0,0,0,0,0,1,0,0,0,0],[0,0,0,0,0,1,1,1,0,0],[0,0,0,0,0,0,0,1,0,0],[0,0,0,0,0,0,0,1,1,1],[0,0,0,0,0,0,0,0,0,1]]",0.9252995850954567,3.558331518185767,7.901783527810968,7.901783527810968,30,14,60,0.7878501905520873,0.0,0.0,74.61720565372299,43.853031657875135,2.127846036054761,195.0028818600137,0.0,0.0,0.0,0.2646789370907232,-14.707701372005717,2.3244394571258393,0.014704385393929067,0.7414105096821082,0,0,0,0
xxz_n10_s20270841,10,20270841,2,B02,"[[7,6],[6,5],[5,4],[3,2],[1,2],[8,9],[4,3],[0,1],[7,8]]","[[1,0,0,0,0,0,0,0,0,0],[1,1,0,0,0,0,0,0,0,0],[0,1,1,1,0,0,0,0,0,0],[0,0,0,1,1,1,1,1,0,0],[0,0,0,0,1,1,1,1,0,0],[0,0,0,0,0,1,1,1,0,0],[0,0,0,0,0,0,1,1,0,0],[0,0,0,0,0,0,0,1,0,0],[0,0,0,0,0,0,0,1,1,0],[0,0,0,0,0,0,0,0,1,1]]",1.0259753064537804,4.95724989882484,7.238996690688167,7.238996690688161,30,16,62,0.6692225403023997,0.0,7.828535024909075,83.02688773375498,44.23462697702307,2.153762446123181,784.7395122101262,0.0,0.0,0.0,0.2921328601113018,-14.735155295026296,2.2969855341052607,0.016229603339516768,0.7139565866615296,0,0,0,0
xxz_n10_s20270841,10,20270841,3,B03,"[[0,1],[2,3],[3,4],[2,1],[6,5],[6,7],[5,4],[8,9],[7,8]]","[[1,0,0,0,0,0,0,0,0,0],[1,1,1,0,0,0,0,0,0,0],[0,0,1,0,0,0,0,0,0,0],[0,0,1,1,0,0,0,0,0,0],[0,0,1,1,1,1,1,0,0,0],[0,0,0,0,0,1,1,0,0,0],[0,0,0,0,0,0,1,0,0,0],[0,0,0,0,0,0,1,1,0,0],[0,0,0,0,0,0,1,1,1,0],[0,0,0,0,0,0,0,0,1,1]]",0.20205256892578483,1.2550027259298946,5.397364290668656,5.397364290668661,30,14,60,0.7541895288942678,0.0,1.7075472925031877e-06,67.99526295500822,42.37331485329856,2.2231287555692214,780.6691483965684,0.0,0.0,0.0,0.45030323091434354,-14.893325665829337,2.138815163302219,0.025016846161907975,0.5557862158584879,0,0,0,0
xxz_n10_s20270841,10,20270841,4,B04,"[[6,5],[1,2],[7,6],[8,7],[1,0],[3,2],[5,4],[4,3],[9,8]]","[[1,1,0,0,0,0,0,0,0,0],[0,1,0,0,0,0,0,0,0,0],[0,1,1,1,0,0,0,0,0,0],[0,0,0,1,1,1,1,0,0,0],[0,0,0,0,1,1,1,0,0,0],[0,0,0,0,0,1,1,0,0,0],[0,0,0,0,0,0,1,1,0,0],[0,0,0,0,0,0,0,1,1,0],[0,0,0,0,0,0,0,0,1,1],[0,0,0,0,0,0,0,0,0,1]]",2.451595271378275,10.599518452336744,11.584342570504264,11.584342570504257,30,17,63,0.586210302310474,0.0,22.167685989874858,89.9948560188334,39.345340087774275,1.8162814853717602,1135.8038030696732,0.0,0.0,0.0,0.7339304917985014,-15.176952926713495,1.855187902418061,0.040773916211027855,0.27215895497432996,0,0,0,0
xxz_n10_s20270841,10,20270841,5,B05,"[[2,1],[6,5],[9,8],[3,4],[6,7],[3,2],[0,1],[5,4],[8,7]]","[[1,0,0,0,0,0,0,0,0,0],[1,1,1,0,0,0,0,0,0,0],[0,0,1,1,0,0,0,0,0,0],[0,0,0,1,0,0,0,0,0,0],[0,0,0,1,1,1,1,0,0,0],[0,0,0,0,0,1,1,0,0,0],[0,0,0,0,0,0,1,0,0,0],[0,0,0,0,0,0,1,1,1,1],[0,0,0,0,0,0,0,0,1,1],[0,0,0,0,0,0,0,0,0,1]]",0.338907655398474,2.160724773591979,6.707275685807552,6.707275685807555,30,13,59,0.7815005320198439,0.0,1.9090959104164224e-06,89.9976356862489,40.09166237467484,2.0558149157538828,834.0141823224739,0.0,0.0,0.0,0.39825901023047905,-14.841281445145473,2.1908593839860835,0.02212550056835995,0.6078304365423524,0,0,0,0
xxz_n10_s20270841,10,20270841,6,B06,"[[7,6],[2,1],[3,4],[1,0],[8,9],[3,2],[5,6],[8,7],[5,4]]","[[1,1,1,0,0,0,0,0,0,0],[0,1,1,0,0,0,0,0,0,0],[0,0,1,1,0,0,0,0,0,0],[0,0,0,1,0,0,0,0,0,0],[0,0,0,1,1,1,0,0,0,0],[0,0,0,0,0,1,0,0,0,0],[0,0,0,0,0,1,1,1,0,0],[0,0,0,0,0,0,0,1,1,0],[0,0,0,0,0,0,0,0,1,0],[0,0,0,0,0,0,0,0,1,1]]",0.5067647102843065,3.643337820439842,7.690060300917766,7.690060300917768,30,15,61,0.7854560247627861,0.0,1.8017818001093375,87.36521335535164,39.879424850189785,1.793320592479522,12385.842935467352,0.0,0.0,0.0,0.3537448418503182,-14.796767276765312,2.2353735523662444,0.019652491213906567,0.6523446049225132,1,0,0,0
xxz_n10_s20270841,10,20270841,7,B07,"[[3,2],[8,9],[4,5],[1,0],[8,7],[6,5],[7,6],[3,4],[2,1]]","[[1,1,0,0,0,0,0,0,0,0],[0,1,1,1,0,0,0,0,0,0],[0,0,1,1,0,0,0,0,0,0],[0,0,0,1,0,0,0,0,0,0],[0,0,0,1,1,0,0,0,0,0],[0,0,0,0,1,1,1,0,0,0],[0,0,0,0,0,0,1,1,1,0],[0,0,0,0,0,0,0,1,1,0],[0,0,0,0,0,0,0,0,1,0],[0,0,0,0,0,0,0,0,1,1]]",4.460524691260202,15.368068352283412,19.226248680283415,19.22624868028344,30,15,61,0.6164183969807786,0.0,14.56056566757961,89.99937539649235,43.61244496522866,1.7720635273623255,52.03555475508599,0.0,0.0,0.0,1.0060894467728314,-15.449111881687825,1.5830289474437311,0.05589385815404619,0.0,0,1,1,1
xxz_n10_s20270841,10,20270841,8,B08,"[[0,1],[7,6],[8,7],[3,4],[2,1],[6,5],[2,3],[4,5],[9,8]]","[[1,0,0,0,0,0,0,0,0,0],[1,1,1,0,0,0,0,0,0,0],[0,0,1,0,0,0,0,0,0,0],[0,0,1,1,0,0,0,0,0,0],[0,0,0,1,1,0,0,0,0,0],[0,0,0,1,1,1,1,1,0,0],[0,0,0,0,0,0,1,1,0,0],[0,0,0,0,0,0,0,1,1,0],[0,0,0,0,0,0,0,0,1,1],[0,0,0,0,0,0,0,0,0,1]]",0.35985011487034,2.2429068332687727,5.116941635085386,5.116941635085384,30,14,60,0.6760721548036713,0.0,2.175091266537212e-06,89.98461757445754,40.77982555404771,1.9241498184814425,292.35198893598425,0.0,0.0,0.0,0.26092046344627207,-14.703942898361266,2.3281979307702905,0.01449558130257067,0.7451689833265593,0,0,0,0
xxz_n10_s20270841,10,20270841,9,B09,"[[4,5],[9,8],[6,7],[6,5],[3,2],[2,1],[0,1],[8,7],[4,3]]","[[1,0,0,0,0,0,0,0,0,0],[1,1,1,1,0,0,0,0,0,0],[0,0,1,1,0,0,0,0,0,0],[0,0,0,1,1,0,0,0,0,0],[0,0,0,0,1,0,0,0,0,0],[0,0,0,0,1,1,1,0,0,0],[0,0,0,0,0,0,1,0,0,0],[0,0,0,0,0,0,1,1,1,1],[0,0,0,0,0,0,0,0,1,1],[0,0,0,0,0,0,0,0,0,1]]",0.5697731339344613,2.789013165133261,5.637132341319398,5.637132341319393,30,13,59,0.7042644790925306,0.0,1.5582570900710779e-06,89.98604432662286,43.944560941750225,2.0611514632944465,140.07455278375943,0.0,0.0,0.0,0.27673095442159124,-14.719753389336585,2.3123874397949713,0.015373941912310625,0.7293584923512402,0,0,0,0
xxz_n10_s20270841,10,20270841,10,B10,"[[6,7],[4,3],[8,9],[1,0],[5,4],[8,7],[3,2],[5,6],[1,2]]","[[1,1,0,0,0,0,0,0,0,0],[0,1,0,0,0,0,0,0,0,0],[0,1,1,1,1,0,0,0,0,0],[0,0,0,1,1,0,0,0,0,0],[0,0,0,0,1,1,0,0,0,0],[0,0,0,0,0,1,0,0,0,0],[0,0,0,0,0,1,1,0,0,0],[0,0,0,0,0,0,1,1,1,0],[0,0,0,0,0,0,0,0,1,0],[0,0,0,0,0,0,0,0,1,1]]",0.7577934433486755,4.498421722352661,8.573699529420843,8.573699529420852,30,13,59,0.7346511064903526,0.0,1.593163312987143e-06,88.99669429930785,37.185053625607715,1.773467381296505,857.8447860752926,0.0,0.0,0.0,0.4222560836546645,-14.865278518569658,2.166862310561898,0.023458671314148027,0.5838333631181669,0,0,0,0
xxz_n10_s20270841,10,20270841,11,B11,"[[3,2],[5,4],[7,6],[8,9],[5,6],[7,8],[1,0],[1,2],[4,3]]","[[1,1,0,0,0,0,0,0,0,0],[0,1,0,0,0,0,0,0,0,0],[0,1,1,1,0,0,0,0,0,0],[0,0,0,1,1,1,0,0,0,0],[0,0,0,0,1,1,0,0,0,0],[0,0,0,0,0,1,0,0,0,0],[0,0,0,0,0,1,1,1,0,0],[0,0,0,0,0,0,0,1,0,0],[0,0,0,0,0,0,0,1,1,0],[0,0,0,0,0,0,0,0,1,1]]",1.1116094218239354,5.412746231444585,9.580062520869546,9.58006252086955,30,15,61,0.7672794105137232,0.0,3.7133219989597124,84.19751932388294,42.01688014894808,2.179987536744404,986.1629416351228,0.0,0.0,0.0,0.35418671101489885,-14.797209145929893,2.2349316832016637,0.019677039500827713,0.6519027357579326,0,0,0,0
xxz_n10_s20270878,10,20270878,0,B00,"[[8,7],[6,5],[1,2],[6,7],[2,3],[5,4],[9,8],[3,4],[0,1]]","[[1,0,0,0,0,0,0,0,0,0],[1,1,0,0,0,0,0,0,0,0],[0,1,1,0,0,0,0,0,0,0],[0,1,1,1,0,0,0,0,0,0],[0,1,1,1,1,1,1,0,0,0],[0,0,0,0,0,1,1,0,0,0],[0,0,0,0,0,0,1,0,0,0],[0,0,0,0,0,0,1,1,1,0],[0,0,0,0,0,0,0,0,1,1],[0,0,0,0,0,0,0,0,0,1]]",0.8836584423465548,3.443570769682196,8.032523585135621,8.032523585135618,30,16,62,0.7488644311450782,0.0,4.576766771189062,71.85624458269595,43.582751336485764,2.1353938203666814,1261.9998242654603,0.0,0.0,0.0,0.3928104550617544,-14.835832227783495,2.1963086013480613,0.021822803058986356,0.6121702788146415,0,0,0,0
xxz_n10_s20270878,10,20270878,1,B01,"[[7,6],[4,3],[2,3],[9,8],[0,1],[6,5],[5,4],[1,2],[7,8]]","[[1,0,0,0,0,0,0,0,0,0],[1,1,0,0,0,0,0,0,0,0],[1,1,1,0,0,0,0,0,0,0],[0,0,1,1,1,0,0,0,0,0],[0,0,0,0,1,1,1,1,0,0],[0,0,0,0,0,1,1,1,0,0],[0,0,0,0,0,0,1,1,0,0],[0,0,0,0,0,0,0,1,0,0],[0,0,0,0,0,0,0,1,1,1],[0,0,0,0,0,0,0,0,0,1]]",0.28739385049288785,1.1734820226710059,3.740802803118048,3.7408028031180494,30,16,62,0.7191590144568216,0.0,4.1622081633974775,78.55973016516569,44.13500690282729,2.28481180506216,4759.960940461695,0.0,0.0,0.0,0.21046727017489353,-14.653489042896634,2.378651786234922,0.011692626120827419,0.7945134637015023,0,0,0,0
xxz_n10_s20270878,10,20270878,2,B02,"[[8,7],[6,7],[9,8],[4,3],[5,4],[6,5],[0,1],[2,3],[1,2]]","[[1,0,0,0,0,0,0,0,0,0],[1,1,0,0,0,0,0,0,0,0],[1,1,1,0,0,0,0,0,0,0],[0,0,1,1,1,0,0,0,0,0],[0,0,0,0,1,1,0,0,0,0],[0,0,0,0,0,1,1,0,0,0],[0,0,0,0,0,0,1,0,0,0],[0,0,0,0,0,0,1,1,1,0],[0,0,0,0,0,0,0,0,1,1],[0,0,0,0,0,0,0,0,0,1]]",0.07128018915539736,0.5680355543574573,4.035807903261697,4.035807903261694,30,16,62,0.7686822994619033,0.0,4.15694757793584,65.83366698474971,42.34187400646721,2.2462985826274555,4426.465368436847,0.0,0.0,0.0,0.5539991011340462,-14.997020873855787,2.0351199552757695,0.030777727840780342,0.4509816327423497,0,0,0,0
xxz_n10_s20270878,10,20270878,3,B03,"[[4,3],[8,9],[4,5],[1,2],[6,5],[0,1],[7,8],[2,3],[6,7]]","[[1,0,0,0,0,0,0,0,0,0],[1,1,0,0,0,0,0,0,0,0],[0,1,1,0,0,0,0,0,0,0],[0,1,1,1,1,0,0,0,0,0],[0,0,0,0,1,0,0,0,0,0],[0,0,0,0,1,1,1,0,0,0],[0,0,0,0,0,0,1,0,0,0],[0,0,0,0,0,0,1,1,0,0],[0,0,0,0,0,0,0,1,1,0],[0,0,0,0,0,0,0,0,1,1]]",1.7007446818795469,6.762181866395638,11.791491971255303,11.791491971255313,30,15,61,0.6717270736884812,0.0,3.0318185370485695,89.96524059846887,44.88467691195854,1.9204353200882438,725.3379075848756,0.0,0.0,0.0,0.3971950283928134,-14.840216801114554,2.1919240280170023,0.022066390466267412,0.6077857054835825,0,0,0,0
xxz_n10_s20270878,10,20270878,4,B04,"[[1,2],[2,3],[1,0],[7,8],[4,5],[8,9],[4,3],[6,5],[7,6]]","[[1,1,0,0,0,0,0,0,0,0],[0,1,0,0,0,0,0,0,0,0],[0,1,1,0,0,0,0,0,0,0],[0,1,1,1,1,0,0,0,0,0],[0,0,0,0,1,0,0,0,0,0],[0,0,0,0,1,1,1,0,0,0],[0,0,0,0,0,0,1,1,0,0],[0,0,0,0,0,0,0,1,0,0],[0,0,0,0,0,0,0,1,1,0],[0,0,0,0,0,0,0,1,1,1]]",2.1330882904171222,6.609626770497161,11.753222271123011,11.753222271123015,30,15,61,0.6623438212699156,0.0,3.004722113234105,89.98554044726183,42.004991228789876,1.8129451962004888,6553.221584339576,0.0,0.0,0.0,0.3937096779132663,-14.836731450635007,2.1954093784965494,0.02187275988407035,0.6112710559631296,0,0,0,0
xxz_n10_s20270878,10,20270878,5,B05,"[[8,7],[0,1],[4,5],[6,5],[7,6],[3,4],[8,9],[1,2],[2,3]]","[[1,0,0,0,0,0,0,0,0,0],[1,1,0,0,0,0,0,0,0,0],[1,1,1,0,0,0,0,0,0,0],[1,1,1,1,0,0,0,0,0,0],[0,0,0,1,1,0,0,0,0,0],[0,0,0,0,1,1,1,0,0,0],[0,0,0,0,0,0,1,1,1,0],[0,0,0,0,0,0,0,1,1,0],[0,0,0,0,0,0,0,0,1,0],[0,0,0,0,0,0,0,0,1,1]]",2.8536857101600077,11.144363026001432,13.939564678012438,13.939564678012447,30,16,62,0.6427626380922262,0.0,3.8595199969821907,89.99884843946165,39.639755459814324,1.4048862559410351,9128.11430128443,0.0,0.0,0.0,1.0049807338763959,-15.448002506598137,1.5841383225334198,0.055832262993133104,0.0,0,1,1,1
xxz_n10_s20270878,10,20270878,6,B06,"[[6,7],[1,2],[9,8],[6,5],[3,2],[4,5],[3,4],[7,8],[0,1]]","[[1,0,0,0,0,0,0,0,0,0],[1,1,0,0,0,0,0,0,0,0],[0,1,1,1,0,0,0,0,0,0],[0,0,0,1,0,0,0,0,0,0],[0,0,0,1,1,0,0,0,0,0],[0,0,0,0,1,1,1,0,0,0],[0,0,0,0,0,0,1,0,0,0],[0,0,0,0,0,0,1,1,0,0],[0,0,0,0,0,0,1,1,1,1],[0,0,0,0,0,0,0,0,0,1]]",1.6272174293249826,8.027302284791316,9.417508006661006,9.417508006660988,30,15,61,0.6988945213498309,0.0,3.031687105177705,89.99598851265088,43.94760108076068,2.012815639599676,743.0172498010442,0.0,0.0,0.0,0.3540649145206487,-14.79708668724239,2.235054141889167,0.019670273028924927,0.6509158193557472,0,0,0,0
xxz_n10_s20270878,10,20270878,7,B07,"[[3,2],[0,1],[3,4],[4,5],[8,7],[1,2],[9,8],[6,5],[7,6]]","[[1,0,0,0,0,0,0,0,0,0],[1,1,0,0,0,0,0,0,0,0],[1,1,1,1,0,0,0,0,0,0],[0,0,0,1,0,0,0,0,0,0],[0,0,0,1,1,0,0,0,0,0],[0,0,0,1,1,1,1,0,0,0],[0,0,0,0,0,0,1,1,1,0],[0,0,0,0,0,0,0,1,1,0],[0,0,0,0,0,0,0,0,1,1],[0,0,0,0,0,0,0,0,0,1]]",2.4553316700693104,7.08806550206244,12.06863268577586,12.068632685775842,30,15,61,0.7233409628715414,0.0,1.340426952774514,89.99730375665388,42.46266524696894,1.4182437443598592,4668.4548756110125,0.0,0.0,0.0,0.9577713727824833,-15.400793145504224,1.6313476836273324,0.05320952071013796,0.047209361093912605,0,0,0,0
xxz_n10_s20270878,10,20270878,8,B08,"[[4,5],[3,2],[2,1],[6,7],[8,9],[0,1],[5,6],[3,4],[7,8]]","[[1,0,0,0,0,0,0,0,0,0],[1,1,1,1,0,0,0,0,0,0],[0,0,1,1,0,0,0,0,0,0],[0,0,0,1,0,0,0,0,0,0],[0,0,0,1,1,0,0,0,0,0],[0,0,0,0,1,1,0,0,0,0],[0,0,0,0,1,1,1,0,0,0],[0,0,0,0,0,0,1,1,0,0],[0,0,0,0,0,0,1,1,1,0],[0,0,0,0,0,0,0,0,1,1]]",0.4024456535733907,1.603880245301047,3.1427967456114323,3.1427967456114456,30,14,60,0.6813957073075525,0.0,1.415823420255079e-06,89.9733654896479,44.72084190583268,2.1748091950158344,2412.9965779193894,0.0,0.0,0.0,0.12636292510770808,-14.569384697829449,2.4627561313021076,0.007020162505983783,0.8786178087686878,1,0,0,0
xxz_n10_s20270878,10,20270878,9,B09,"[[7,6],[6,5],[1,0],[4,5],[1,2],[2,3],[8,7],[3,4],[9,8]]","[[1,1,0,0,0,0,0,0,0,0],[0,1,0,0,0,0,0,0,0,0],[0,1,1,0,0,0,0,0,0,0],[0,1,1,1,0,0,0,0,0,0],[0,1,1,1,1,0,0,0,0,0],[0,0,0,0,1,1,1,1,0,0],[0,0,0,0,0,0,1,1,0,0],[0,0,0,0,0,0,0,1,1,0],[0,0,0,0,0,0,0,0,1,1],[0,0,0,0,0,0,0,0,0,1]]",0.9652911802616246,3.856769941507236,4.913330280590078,4.91333028059008,30,16,62,0.6020144414008926,0.0,21.50728479731205,89.99191679108678,40.34941781629216,2.0205570523078067,963.2611533495949,0.0,0.0,0.0,0.18085603735499411,-14.623877810076735,2.4082630190548215,0.010047557630833006,0.8241246965214017,0,0,0,0
xxz_n10_s20270878,10,20270878,10,B10,"[[3,4],[2,3],[8,7],[0,1],[4,5],[5,6],[1,2],[8,9],[6,7]]","[[1,0,0,0,0,0,0,0,0,0],[1,1,0,0,0,0,0,0,0,0],[1,1,1,0,0,0,0,0,0,0],[0,0,1,1,0,0,0,0,0,0],[0,0,0,1,1,0,0,0,0,0],[0,0,0,1,1,1,0,0,0,0],[0,0,0,1,1,1,1,0,0,0],[0,0,0,1,1,1,1,1,1,0],[0,0,0,0,0,0,0,0,1,0],[0,0,0,0,0,0,0,0,1,1]]",0.5324516039504735,3.268733386513389,5.910445311163602,5.910445311163608,30,15,61,0.6978700831223951,0.0,2.85648388464187,89.98106728755532,44.70477076828076,1.9452330493606345,4556.36915284259,0.0,0.0,0.0,0.2204587323092433,-14.663480505030984,2.3686603241005724,0.012247707350513516,0.7845220015671526,0,0,0,0
xxz_n10_s20270878,10,20270878,11,B11,"[[4,3],[1,0],[7,8],[7,6],[1,2],[5,4],[2,3],[6,5],[8,9]]","[[1,1,0,0,0,0,0,0,0,0],[0,1,0,0,0,0,0,0,0,0],[0,1,1,0,0,0,0,0,0,0],[0,1,1,1,1,0,0,0,0,0],[0,0,0,0,1,1,0,0,0,0],[0,0,0,0,0,1,1,1,0,0],[0,0,0,0,0,0,1,1,0,0],[0,0,0,0,0,0,0,1,0,0],[0,0,0,0,0,0,0,1,1,0],[0,0,0,0,0,0,0,1,1,1]]",1.7328573214831127,5.302106659233445,8.008137956913265,8.008137956913279,30,16,62,0.7048481245183622,0.0,5.887057474585198,72.35113133790763,44.482373188569994,2.2100944096963953,6617.299918932079,0.0,0.0,0.0,0.32634260267056625,-14.769364375392307,2.2627764537392494,0.018130144592809237,0.6786381312058296,0,0,0,0
xxz_n10_s20270915,10,20270915,0,B00,"[[4,3],[3,2],[0,1],[5,6],[8,9],[7,6],[2,1],[7,8],[4,5]]","[[1,0,0,0,0,0,0,0,0,0],[1,1,1,1,1,0,0,0,0,0],[0,0,1,1,1,0,0,0,0,0],[0,0,0,1,1,0,0,0,0,0],[0,0,0,0,1,0,0,0,0,0],[0,0,0,0,1,1,0,0,0,0],[0,0,0,0,0,1,1,1,0,0],[0,0,0,0,0,0,0,1,0,0],[0,0,0,0,0,0,0,1,1,0],[0,0,0,0,0,0,0,0,1,1]]",1.3474673968082984,6.919531804135453,9.222805376873584,9.222805376873584,30,13,59,0.6777506484812118,0.0,2.091309789151873e-06,89.98157927325963,42.12630611399981,1.5389323949245086,1369.5435703000078,0.0,0.0,0.0,0.732081568887704,-15.175100197189671,1.857040631941885,0.040671198271539116,0.0,0,0,0,1
xxz_n10_s20270915,10,20270915,1,B01,"[[9,8],[2,3],[7,8],[5,4],[7,6],[5,6],[4,3],[0,1],[2,1]]","[[1,0,0,0,0,0,0,0,0,0],[1,1,1,0,0,0,0,0,0,0],[0,0,1,0,0,0,0,0,0,0],[0,0,1,1,1,1,0,0,0,0],[0,0,0,0,1,1,0,0,0,0],[0,0,0,0,0,1,0,0,0,0],[0,0,0,0,0,1,1,1,0,0],[0,0,0,0,0,0,0,1,0,0],[0,0,0,0,0,0,0,1,1,1],[0,0,0,0,0,0,0,0,0,1]]",0.29933359628390166,1.6126655222787627,6.941090038340214,6.941090038340221,30,15,61,0.7988680725004366,0.0,2.1994880892004596,73.39792146333824,42.12987826745318,2.1340550448074285,2903.165683089206,0.0,0.0,0.0,0.37836896519267427,-14.821387593494642,2.210753235636915,0.02102049806625968,0.35371260369502977,0,0,0,0
xxz_n10_s20270915,10,20270915,2,B02,"[[5,6],[8,7],[2,3],[3,4],[2,1],[9,8],[5,4],[1,0],[6,7]]","[[1,1,1,0,0,0,0,0,0,0],[0,1,1,0,0,0,0,0,0,0],[0,0,1,0,0,0,0,0,0,0],[0,0,1,1,0,0,0,0,0,0],[0,0,1,1,1,1,0,0,0,0],[0,0,0,0,0,1,0,0,0,0],[0,0,0,0,0,1,1,0,0,0],[0,0,0,0,0,1,1,1,1,0],[0,0,0,0,0,0,0,0,1,1],[0,0,0,0,0,0,0,0,0,1]]",0.5531805008919342,2.945487363921475,10.191801182831636,10.191801182831629,30,16,62,0.8122032798781689,0.0,5.034766815963303,58.913549672701045,40.89112932625406,2.27665369426034,2799.3595796575396,0.0,0.0,0.0,0.3995037827529053,-14.842522411054873,2.189618418076684,0.02219465459738363,0.3325777861347987,0,0,0,0
xxz_n10_s20270915,10,20270915,3,B03,"[[3,4],[1,0],[2,1],[6,7],[3,2],[5,6],[5,4],[8,7],[9,8]]","[[1,1,0,0,0,0,0,0,0,0],[0,1,1,0,0,0,0,0,0,0],[0,0,1,1,0,0,0,0,0,0],[0,0,0,1,0,0,0,0,0,0],[0,0,0,1,1,1,0,0,0,0],[0,0,0,0,0,1,0,0,0,0],[0,0,0,0,0,1,1,0,0,0],[0,0,0,0,0,0,1,1,1,0],[0,0,0,0,0,0,0,0,1,1],[0,0,0,0,0,0,0,0,0,1]]",0.8091617669620441,3.4760834332722146,8.978538677107982,8.978538677107965,30,15,61,0.804699062268051,0.0,2.332092153367332,81.97731694450745,44.361065524310945,2.134318958981051,1298.7853302106314,0.0,0.0,0.0,0.3824920442774733,-14.82551067257944,2.206630156552116,0.021249558015415185,0.34958952461023074,0,0,0,0
xxz_n10_s20270915,10,20270915,4,B04,"[[7,8],[3,4],[9,8],[6,7],[1,0],[2,1],[6,5],[4,5],[3,2]]","[[1,1,0,0,0,0,0,0,0,0],[0,1,1,0,0,0,0,0,0,0],[0,0,1,1,0,0,0,0,0,0],[0,0,0,1,0,0,0,0,0,0],[0,0,0,1,1,0,0,0,0,0],[0,0,0,1,1,1,1,0,0,0],[0,0,0,0,0,0,1,0,0,0],[0,0,0,0,0,0,1,1,0,0],[0,0,0,0,0,0,0,1,1,1],[0,0,0,0,0,0,0,0,0,1]]",0.9853170807017132,3.836062011752902,9.082170464372785,9.082170464372796,30,13,59,0.7463726012208719,0.0,1.8994285408275304e-06,89.84563974355923,42.01382770515561,1.9461951268343363,513.6166420686566,0.0,0.0,0.0,0.34115426292619766,-14.784172891228165,2.2479679379033914,0.01895301460701098,0.3909273059615064,1,0,0,0
xxz_n10_s20270915,10,20270915,5,B05,"[[1,2],[5,4],[0,1],[2,3],[5,6],[6,7],[8,7],[4,3],[8,9]]","[[1,0,0,0,0,0,0,0,0,0],[1,1,0,0,0,0,0,0,0,0],[0,1,1,0,0,0,0,0,0,0],[0,1,1,1,1,1,0,0,0,0],[0,0,0,0,1,1,0,0,0,0],[0,0,0,0,0,1,0,0,0,0],[0,0,0,0,0,1,1,0,0,0],[0,0,0,0,0,1,1,1,1,0],[0,0,0,0,0,0,0,0,1,0],[0,0,0,0,0,0,0,0,1,1]]",1.0436436661994073,6.021116721680218,9.633185810535144,9.633185810535151,30,14,60,0.791934475908315,0.0,3.7980350735225384e-06,69.72863621497142,41.761664790852286,1.879909721305794,1142.5787505654066,0.0,0.0,0.0,0.35296495969494224,-14.79598358799691,2.236157241134647,0.01960916442749679,0.3791166091927618,0,0,0,0
xxz_n10_s20270915,10,20270915,6,B06,"[[8,9],[2,1],[6,7],[3,4],[2,3],[5,4],[5,6],[1,0],[8,7]]","[[1,1,1,0,0,0,0,0,0,0],[0,1,1,0,0,0,0,0,0,0],[0,0,1,0,0,0,0,0,0,0],[0,0,1,1,0,0,0,0,0,0],[0,0,0,1,1,1,0,0,0,0],[0,0,0,0,0,1,0,0,0,0],[0,0,0,0,0,1,1,0,0,0],[0,0,0,0,0,0,1,1,1,0],[0,0,0,0,0,0,0,0,1,0],[0,0,0,0,0,0,0,0,1,1]]",0.6897491089813124,4.708627068399484,9.972440181582162,9.972440181582147,30,15,61,0.7942658438033171,0.0,3.0912606350381138,67.7946078489749,44.3119401741398,2.192293285640059,2927.695890353239,0.0,0.0,0.0,0.5001889865425682,-14.943207614844535,2.088933214287021,0.027788277030142677,0.23189258234513588,0,0,0,0
xxz_n10_s20270915,10,20270915,7,B07,"[[4,5],[1,2],[4,3],[5,6],[7,6],[8,9],[3,2],[1,0],[7,8]]","[[1,1,0,0,0,0,0,0,0,0],[0,1,0,0,0,0,0,0,0,0],[0,1,1,1,1,0,0,0,0,0],[0,0,0,1,1,0,0,0,0,0],[0,0,0,0,1,0,0,0,0,0],[0,0,0,0,1,1,0,0,0,0],[0,0,0,0,1,1,1,1,0,0],[0,0,0,0,0,0,0,1,0,0],[0,0,0,0,0,0,0,1,1,0],[0,0,0,0,0,0,0,0,1,1]]",1.3848999198194152,8.187047174928223,11.041366012149291,11.041366012149286,30,13,59,0.6844503410058353,0.0,2.5573529339166914e-06,89.97687268644674,42.78374087676796,1.6981898134206106,292.4589864899189,0.0,0.0,0.0,0.4117101887147392,-14.854728817016706,2.17741201211485,0.022872788261929955,0.32037138017296485,0,1,0,0
xxz_n10_s20270915,10,20270915,8,B08,"[[9,8],[3,2],[2,1],[4,3],[1,0],[7,6],[4,5],[6,5],[8,7]]","[[1,1,1,1,0,0,0,0,0,0],[0,1,1,1,0,0,0,0,0,0],[0,0,1,1,0,0,0,0,0,0],[0,0,0,1,1,0,0,0,0,0],[0,0,0,0,1,0,0,0,0,0],[0,0,0,0,1,1,1,1,0,0],[0,0,0,0,0,0,1,1,0,0],[0,0,0,0,0,0,0,1,1,1],[0,0,0,0,0,0,0,0,1,1],[0,0,0,0,0,0,0,0,0,1]]",0.3169683295652675,1.2474432079625053,1.846335294369558,1.8463352943695552,30,15,61,0.610172444555474,0.0,16.259057596551433,89.89134762978065,37.617297050168915,2.058182839873546,394.3550227779989,0.0,0.0,0.0,0.17925536790059482,-14.622273996202562,2.4098668329289943,0.009958631550033046,0.5528262009871092,0,0,0,0
xxz_n10_s20270915,10,20270915,9,B09,"[[3,4],[2,1],[1,0],[8,9],[7,8],[5,4],[3,2],[6,7],[5,6]]","[[1,1,1,0,0,0,0,0,0,0],[0,1,1,0,0,0,0,0,0,0],[0,0,1,1,0,0,0,0,0,0],[0,0,0,1,0,0,0,0,0,0],[0,0,0,1,1,1,0,0,0,0],[0,0,0,0,0,1,0,0,0,0],[0,0,0,0,0,1,1,0,0,0],[0,0,0,0,0,0,1,1,0,0],[0,0,0,0,0,0,0,1,1,0],[0,0,0,0,0,0,0,0,1,1]]",1.2248618982647073,6.577890728158045,11.585068233455235,11.585068233455223,30,15,61,0.7243050947146431,0.0,1.4915178083463259,87.4872260805082,43.24116820898222,1.8343844491705206,3586.4400038519134,0.0,0.0,0.0,0.6564820002168918,-15.099500628518859,1.9326402006126973,0.036471222234271766,0.07559956867081219,0,0,1,0
xxz_n10_s20270915,10,20270915,10,B10,"[[3,4],[6,7],[2,1],[7,8],[1,0],[6,5],[4,5],[3,2],[8,9]]","[[1,1,1,0,0,0,0,0,0,0],[0,1,1,0,0,0,0,0,0,0],[0,0,1,1,0,0,0,0,0,0],[0,0,0,1,0,0,0,0,0,0],[0,0,0,1,1,0,0,0,0,0],[0,0,0,1,1,1,1,0,0,0],[0,0,0,0,0,0,1,0,0,0],[0,0,0,0,0,0,1,1,0,0],[0,0,0,0,0,0,1,1,1,0],[0,0,0,0,0,0,1,1,1,1]]",1.3757796506699047,5.528743317183582,10.437729727112746,10.437729727112748,30,16,62,0.6863919661361065,0.0,5.227966369793848,89.84508968379158,43.95463098824036,2.058522720723565,3535.8619120006733,0.0,0.0,0.0,0.5200002984266021,-14.96301892672857,2.069121902402987,0.02888890546814456,0.21208127046110192,0,0,0,0
xxz_n10_s20270915,10,20270915,11,B11,"[[4,3],[1,0],[9,8],[5,6],[7,6],[2,3],[1,2],[7,8],[4,5]]","[[1,1,0,0,0,0,0,0,0,0],[0,1,0,0,0,0,0,0,0,0],[0,1,1,0,0,0,0,0,0,0],[0,0,1,1,1,0,0,0,0,0],[0,0,0,0,1,0,0,0,0,0],[0,0,0,0,1,1,0,0,0,0],[0,0,0,0,0,1,1,1,0,0],[0,0,0,0,0,0,0,1,0,0],[0,0,0,0,0,0,0,1,1,1],[0,0,0,0,0,0,0,0,0,1]]",0.724156490868292,3.199446859925476,7.348372577009871,7.348372577009863,30,14,60,0.7386779995052472,0.0,2.668598701561263e-06,89.84345508659122,43.96129770190549,1.9754635393351334,92.99937169258942,0.0,0.0,0.0,0.2547913245710234,-14.69780995287299,2.3343308762585657,0.014155073587279077,0.47729024431668066,0,0,0,0
xxz_n10_s20270952,10,20270952,0,B00,"[[2,3],[3,4],[0,1],[6,7],[8,9],[5,6],[2,1],[8,7],[4,5]]","[[1,0,0,0,0,0,0,0,0,0],[1,1,1,0,0,0,0,0,0,0],[0,0,1,0,0,0,0,0,0,0],[0,0,1,1,0,0,0,0,0,0],[0,0,1,1,1,0,0,0,0,0],[0,0,1,1,1,1,0,0,0,0],[0,0,0,0,0,1,1,0,0,0],[0,0,0,0,0,0,1,1,1,0],[0,0,0,0,0,0,0,0,1,0],[0,0,0,0,0,0,0,0,1,1]]",0.3571858170899752,1.9401881151272298,8.962307858265252,8.96230785826526,30,16,62,0.6980629267674896,0.0,13.817208711130629,82.77497896568659,37.81336806064604,2.1365553623390015,272.58637903547555,0.0,0.0,0.0,0.35875487123806593,-14.801776864804452,2.230363964327104,0.01993082617989255,0.07554129187321834,0,0,0,0
xxz_n10_s20270952,10,20270952,1,B01,"[[5,4],[1,0],[6,5],[2,3],[6,7],[9,8],[4,3],[2,1],[7,8]]","[[1,1,0,0,0,0,0,0,0,0],[0,1,1,0,0,0,0,0,0,0],[0,0,1,0,0,0,0,0,0,0],[0,0,1,1,1,1,0,0,0,0],[0,0,0,0,1,1,0,0,0,0],[0,0,0,0,0,1,1,0,0,0],[0,0,0,0,0,0,1,0,0,0],[0,0,0,0,0,0,1,1,0,0],[0,0,0,0,0,0,1,1,1,1],[0,0,0,0,0,0,0,0,0,1]]",0.7137501939890534,2.4239319424256527,4.945708386350522,4.945708386350528,30,12,58,0.7987845328555204,0.0,1.2074182697257333e-06,73.1905916959815,44.9719363999804,2.061208551755071,4340.578536234564,0.0,0.0,0.0,0.19826450723812528,-14.641286500804512,2.3908543283270447,0.011014694846562515,0.236031655873159,0,0,0,0
xxz_n10_s20270952,10,20270952,2,B02,"[[0,1],[8,7],[8,9],[2,1],[4,5],[5,6],[7,6],[2,3],[3,4]]","[[1,0,0,0,0,0,0,0,0,0],[1,1,1,0,0,0,0,0,0,0],[0,0,1,0,0,0,0,0,0,0],[0,0,1,1,0,0,0,0,0,0],[0,0,1,1,1,0,0,0,0,0],[0,0,0,0,1,1,0,0,0,0],[0,0,0,0,1,1,1,1,1,0],[0,0,0,0,0,0,0,1,1,0],[0,0,0,0,0,0,0,0,1,0],[0,0,0,0,0,0,0,0,1,1]]",0.5038682999343184,2.8411261243833534,10.026020994622067,10.026020994622064,30,14,60,0.6952995007026903,0.0,2.1619662249339446e-06,89.99949872336654,43.614974194038304,2.004736260691908,286.6723122239108,0.0,0.0,0.0,0.3745897463402752,-14.817611739906662,2.2145290892248948,0.02081054146334862,0.059706416771009074,0,0,0,0
xxz_n10_s20270952,10,20270952,3,B03,"[[3,4],[1,0],[5,4],[1,2],[2,3],[6,7],[7,8],[8,9],[5,6]]","[[1,1,0,0,0,0,0,0,0,0],[0,1,0,0,0,0,0,0,0,0],[0,1,1,0,0,0,0,0,0,0],[0,1,1,1,0,0,0,0,0,0],[0,0,0,1,1,1,0,0,0,0],[0,0,0,0,0,1,0,0,0,0],[0,0,0,0,0,1,1,0,0,0],[0,0,0,0,0,0,1,1,0,0],[0,0,0,0,0,0,1,1,1,0],[0,0,0,0,0,0,1,1,1,1]]",1.1346777934663688,4.000494506894815,6.8925425673769,6.89254256737689,30,16,62,0.7327491302540761,0.0,7.119808193208083,78.81714186898449,44.933891969234175,2.2665229227432646,2125.787024407827,0.0,0.0,0.0,0.2634889785095851,-14.706510972075971,2.325629857055585,0.014638276583865838,0.1708071846016992,0,0,0,0
xxz_n10_s20270952,10,20270952,4,B04,"[[8,9],[6,7],[2,1],[1,0],[6,5],[5,4],[4,3],[2,3],[8,7]]","[[1,1,1,0,0,0,0,0,0,0],[0,1,1,0,0,0,0,0,0,0],[0,0,1,0,0,0,0,0,0,0],[0,0,1,1,1,1,1,0,0,0],[0,0,0,0,1,1,1,0,0,0],[0,0,0,0,0,1,1,0,0,0],[0,0,0,0,0,0,1,0,0,0],[0,0,0,0,0,0,1,1,1,0],[0,0,0,0,0,0,0,0,1,0],[0,0,0,0,0,0,0,0,1,1]]",0.4822987226113434,2.6389742333866417,7.9305409298049145,7.930540929804909,30,16,62,0.715080882222667,0.0,4.853343591645015,76.2083902641093,44.83261742572439,2.3698020997702254,4209.324787284014,0.0,0.0,0.0,0.399551750320688,-14.842573743887074,2.189567085244482,0.022197319462260445,0.03474441279059626,0,0,0,0
xxz_n10_s20270952,10,20270952,5,B05,"[[1,0],[1,2],[5,6],[8,7],[2,3],[3,4],[4,5],[9,8],[6,7]]","[[1,1,0,0,0,0,0,0,0,0],[0,1,0,0,0,0,0,0,0,0],[0,1,1,0,0,0,0,0,0,0],[0,1,1,1,0,0,0,0,0,0],[0,1,1,1,1,0,0,0,0,0],[0,1,1,1,1,1,0,0,0,0],[0,0,0,0,0,1,1,0,0,0],[0,0,0,0,0,1,1,1,1,0],[0,0,0,0,0,0,0,0,1,1],[0,0,0,0,0,0,0,0,0,1]]",1.0907856896151253,4.947930769551174,9.481151629734752,9.48115162973474,30,16,62,0.7018550702914632,0.0,7.752596780982602,84.36408169812998,41.74274755273041,2.1843612322711032,1845.5126659235452,0.0,0.0,0.0,0.33456490191477073,-14.777586895481157,2.2545539336503992,0.01858693899526504,0.09973126119651354,0,0,0,0
xxz_n10_s20270952,10,20270952,6,B06,"[[7,6],[3,4],[1,0],[3,2],[8,9],[7,8],[5,4],[5,6],[1,2]]","[[1,1,0,0,0,0,0,0,0,0],[0,1,0,0,0,0,0,0,0,0],[0,1,1,1,0,0,0,0,0,0],[0,0,0,1,0,0,0,0,0,0],[0,0,0,1,1,1,0,0,0,0],[0,0,0,0,0,1,0,0,0,0],[0,0,0,0,0,1,1,1,0,0],[0,0,0,0,0,0,0,1,0,0],[0,0,0,0,0,0,0,1,1,0],[0,0,0,0,0,0,0,0,1,1]]",1.056756310969615,4.341888853726697,9.119799578362278,9.11979957836229,30,15,61,0.8149806153908854,0.0,2.356516312880655,79.6219141247427,44.85424542873601,2.011364576882006,2125.5189508434073,0.0,0.0,0.0,0.34084940430631505,-14.783871397872701,2.248269431258855,0.018936078017017504,0.09344675880496922,1,0,0,0
xxz_n10_s20270952,10,20270952,7,B07,"[[3,2],[6,5],[8,7],[4,3],[6,7],[1,0],[4,5],[2,1],[8,9]]","[[1,1,0,0,0,0,0,0,0,0],[0,1,1,1,0,0,0,0,0,0],[0,0,1,1,0,0,0,0,0,0],[0,0,0,1,1,0,0,0,0,0],[0,0,0,0,1,0,0,0,0,0],[0,0,0,0,1,1,1,0,0,0],[0,0,0,0,0,0,1,0,0,0],[0,0,0,0,0,0,1,1,1,0],[0,0,0,0,0,0,0,0,1,0],[0,0,0,0,0,0,0,0,1,1]]",0.9327658153806422,3.712987649544717,9.301066197664946,9.301066197664944,30,15,61,0.6825906179302016,0.0,9.485260028467584,89.99470660810746,43.94695994057616,2.1120970332175286,123.9632306030346,0.0,0.0,0.0,0.4120273089057829,-14.85504930247217,2.177091526659387,0.02289040605032127,0.0222688542055014,0,0,0,0
xxz_n10_s20270952,10,20270952,8,B08,"[[1,0],[5,6],[1,2],[3,2],[3,4],[8,7],[9,8],[4,5],[6,7]]","[[1,1,0,0,0,0,0,0,0,0],[0,1,0,0,0,0,0,0,0,0],[0,1,1,1,0,0,0,0,0,0],[0,0,0,1,0,0,0,0,0,0],[0,0,0,1,1,0,0,0,0,0],[0,0,0,1,1,1,0,0,0,0],[0,0,0,0,0,1,1,0,0,0],[0,0,0,0,0,1,1,1,1,0],[0,0,0,0,0,0,0,0,1,1],[0,0,0,0,0,0,0,0,0,1]]",1.2898096503566627,5.34230099146473,9.903480762572599,9.903480762572588,30,16,62,0.7298646838333626,0.0,8.756220232514028,76.37581630737905,44.27533388352114,2.25547263786277,1863.4156341046505,0.0,0.0,0.0,0.357834807754962,-14.800856801321348,2.231284027810208,0.019879711541942333,0.07646135535632226,0,0,0,0
xxz_n10_s20270952,10,20270952,9,B09,"[[8,7],[5,4],[1,0],[7,6],[1,2],[5,6],[9,8],[3,4],[3,2]]","[[1,1,0,0,0,0,0,0,0,0],[0,1,0,0,0,0,0,0,0,0],[0,1,1,1,0,0,0,0,0,0],[0,0,0,1,0,0,0,0,0,0],[0,0,0,1,1,1,0,0,0,0],[0,0,0,0,0,1,0,0,0,0],[0,0,0,0,0,1,1,1,1,0],[0,0,0,0,0,0,0,1,1,0],[0,0,0,0,0,0,0,0,1,1],[0,0,0,0,0,0,0,0,0,1]]",1.0742563458731538,4.782490803192177,10.481466609994293,10.481466609994287,30,16,62,0.7781417029386397,0.0,4.532567854369951,88.84928879173292,44.85425066287968,1.9392913362740918,2791.913828959013,0.0,0.0,0.0,0.4342961631112843,-14.87731815667767,2.1548226724538857,0.02412756461729357,0.0,0,0,0,1
xxz_n10_s20270952,10,20270952,10,B10,"[[8,7],[9,8],[1,2],[4,5],[0,1],[6,7],[5,6],[2,3],[4,3]]","[[1,0,0,0,0,0,0,0,0,0],[1,1,0,0,0,0,0,0,0,0],[0,1,1,0,0,0,0,0,0,0],[0,1,1,1,1,0,0,0,0,0],[0,0,0,0,1,0,0,0,0,0],[0,0,0,0,1,1,0,0,0,0],[0,0,0,0,1,1,1,0,0,0],[0,0,0,0,0,0,1,1,1,0],[0,0,0,0,0,0,0,0,1,1],[0,0,0,0,0,0,0,0,0,1]]",1.3507351087706332,6.752541246580108,10.552301416104,10.552301416103992,30,17,63,0.6872799784013193,0.0,8.745437687292938,89.98879927210933,43.99294510858843,2.2496171941607686,2864.4750974647604,0.0,0.0,0.0,0.36421123120492993,-14.807233224771316,2.22490760436024,0.020233957289162774,0.07008493190635434,0,1,1,0
xxz_n10_s20270952,10,20270952,11,B11,"[[6,7],[8,9],[5,4],[7,8],[0,1],[3,2],[2,1],[5,6],[3,4]]","[[1,0,0,0,0,0,0,0,0,0],[1,1,1,1,0,0,0,0,0,0],[0,0,1,1,0,0,0,0,0,0],[0,0,0,1,0,0,0,0,0,0],[0,0,0,1,1,1,0,0,0,0],[0,0,0,0,0,1,0,0,0,0],[0,0,0,0,0,1,1,0,0,0],[0,0,0,0,0,0,1,1,0,0],[0,0,0,0,0,0,1,1,1,0],[0,0,0,0,0,0,0,0,1,1]]",0.24490611176632698,1.6313523158589702,4.151857491771945,4.151857491771942,30,14,60,0.7845852023376844,0.0,1.3430988015984157e-06,81.69528882433775,44.68244776870399,2.229155705961939,2177.4865962057715,0.0,0.0,0.0,0.3670151446015222,-14.810037138167909,2.222103690963648,0.020389730255640122,0.06728101850976209,0,0,0,0
xxz_n12_s20272804,12,20272804,0,B00,"[[10,11],[2,1],[7,6],[3,2],[4,3],[9,8],[4,5],[10,9],[8,7],[5,6],[0,1]]","[[1,0,0,0,0,0,0,0,0,0,0,0],[1,1,1,0,0,0,0,0,0,0,0,0],[0,0,1,1,0,0,0,0,0,0,0,0],[0,0,0,1,1,0,0,0,0,0,0,0],[0,0,0,0,1,0,0,0,0,0,0,0],[0,0,0,0,1,1,0,0,0,0,0,0],[0,0,0,0,1,1,1,1,0,0,0,0],[0,0,0,0,0,0,0,1,1,1,0,0],[0,0,0,0,0,0,0,0,1,1,0,0],[0,0,0,0,0,0,0,0,0,1,1,0],[0,0,0,0,0,0,0,0,0,0,1,0],[0,0,0,0,0,0,0,0,0,0,1,1]]",1.718222239041881,6.693492967572312,12.335764323274041,12.335764323274036,36,17,73,0.6825274551154461,0.0,2.3955895587668943e-06,89.6485213414394,44.79403308963128,1.9868498818653129,470.63837446021944,0.0,0.0,0.0,0.9234185151500576,-18.396372487117407,2.1719900442447653,0.04197356887045716,0.0,1,0,0,1
xxz_n12_s20272804,12,20272804,1,B01,"[[7,6],[4,5],[1,0],[5,6],[9,8],[9,10],[2,3],[1,2],[4,3],[7,8],[10,11]]","[[1,1,0,0,0,0,0,0,0,0,0,0],[0,1,0,0,0,0,0,0,0,0,0,0],[0,1,1,0,0,0,0,0,0,0,0,0],[0,0,1,1,1,0,0,0,0,0,0,0],[0,0,0,0,1,0,0,0,0,0,0,0],[0,0,0,0,1,1,0,0,0,0,0,0],[0,0,0,0,1,1,1,1,0,0,0,0],[0,0,0,0,0,0,0,1,0,0,0,0],[0,0,0,0,0,0,0,1,1,1,0,0],[0,0,0,0,0,0,0,0,0,1,0,0],[0,0,0,0,0,0,0,0,0,1,1,0],[0,0,0,0,0,0,0,0,0,1,1,1]]",1.908726869499629,6.831497853171206,9.990973745657675,9.990973745657675,36,19,75,0.7282307523006711,0.0,7.900461774025407,79.06136702978412,40.018065749307574,2.4293143054248025,1243.6112472141506,0.0,0.0,0.0,0.3997556809602294,-17.87270965292758,2.6956528784345934,0.018170712770919518,0.5236628341898282,0,0,0,0
xxz_n12_s20272804,12,20272804,2,B02,"[[6,5],[9,8],[11,10],[0,1],[7,6],[2,3],[4,3],[9,10],[4,5],[8,7],[2,1]]","[[1,0,0,0,0,0,0,0,0,0,0,0],[1,1,1,0,0,0,0,0,0,0,0,0],[0,0,1,0,0,0,0,0,0,0,0,0],[0,0,1,1,1,0,0,0,0,0,0,0],[0,0,0,0,1,0,0,0,0,0,0,0],[0,0,0,0,1,1,1,0,0,0,0,0],[0,0,0,0,0,0,1,1,0,0,0,0],[0,0,0,0,0,0,0,1,1,1,0,0],[0,0,0,0,0,0,0,0,1,1,0,0],[0,0,0,0,0,0,0,0,0,1,0,0],[0,0,0,0,0,0,0,0,0,1,1,1],[0,0,0,0,0,0,0,0,0,0,0,1]]",1.4038101993543672,6.912210317041286,13.162029120830839,13.162029120830832,36,20,76,0.6324514978915551,0.0,28.865083344496902,84.48333339595946,40.64339449107957,2.396965079243746,434.9496617129305,0.0,0.0,0.0,0.6790183924628117,-18.15197236443016,2.416390166932011,0.03086447238467326,0.24440012268724587,0,0,1,0
xxz_n12_s20272804,12,20272804,3,B03,"[[4,3],[0,1],[4,5],[9,10],[5,6],[8,9],[7,6],[3,2],[11,10],[1,2],[8,7]]","[[1,0,0,0,0,0,0,0,0,0,0,0],[1,1,0,0,0,0,0,0,0,0,0,0],[1,1,1,1,1,0,0,0,0,0,0,0],[0,0,0,1,1,0,0,0,0,0,0,0],[0,0,0,0,1,0,0,0,0,0,0,0],[0,0,0,0,1,1,0,0,0,0,0,0],[0,0,0,0,1,1,1,1,0,0,0,0],[0,0,0,0,0,0,0,1,1,0,0,0],[0,0,0,0,0,0,0,0,1,0,0,0],[0,0,0,0,0,0,0,0,1,1,0,0],[0,0,0,0,0,0,0,0,0,1,1,1],[0,0,0,0,0,0,0,0,0,0,0,1]]",1.0179056990973474,4.964140691426521,10.911898048094248,10.911898048094232,36,15,71,0.7313183936151446,0.0,1.808321601459805e-06,83.78865207296333,39.9930401912251,2.085626919689379,216.52554757989967,0.0,0.0,0.0,0.49974709673272955,-17.97270106870008,2.5956614626620933,0.022715777124214978,0.423671418417328,0,0,0,0
xxz_n12_s20272804,12,20272804,4,B04,"[[4,5],[1,0],[3,4],[2,1],[9,10],[10,11],[9,8],[7,6],[5,6],[8,7],[3,2]]","[[1,1,0,0,0,0,0,0,0,0,0,0],[0,1,1,0,0,0,0,0,0,0,0,0],[0,0,1,1,0,0,0,0,0,0,0,0],[0,0,0,1,0,0,0,0,0,0,0,0],[0,0,0,1,1,0,0,0,0,0,0,0],[0,0,0,0,1,1,0,0,0,0,0,0],[0,0,0,0,1,1,1,1,0,0,0,0],[0,0,0,0,0,0,0,1,1,1,0,0],[0,0,0,0,0,0,0,0,1,1,0,0],[0,0,0,0,0,0,0,0,0,1,0,0],[0,0,0,0,0,0,0,0,0,1,1,0],[0,0,0,0,0,0,0,0,0,1,1,1]]",1.9465103538479032,7.011826669782616,12.299826909606889,12.299826909606885,36,18,74,0.7311032168825268,0.0,4.239654834228576,81.77302108054882,44.27149697196246,2.333514476730217,1208.6512657614887,0.0,0.0,0.0,0.47408688839947644,-17.947040860366826,2.6213216709953464,0.02154940401815802,0.44933162675058114,0,1,0,0
xxz_n12_s20272804,12,20272804,5,B05,"[[1,0],[5,4],[10,11],[5,6],[3,4],[6,7],[8,9],[2,1],[8,7],[9,10],[3,2]]","[[1,1,0,0,0,0,0,0,0,0,0,0],[0,1,1,0,0,0,0,0,0,0,0,0],[0,0,1,1,0,0,0,0,0,0,0,0],[0,0,0,1,0,0,0,0,0,0,0,0],[0,0,0,1,1,1,0,0,0,0,0,0],[0,0,0,0,0,1,0,0,0,0,0,0],[0,0,0,0,0,1,1,0,0,0,0,0],[0,0,0,0,0,1,1,1,1,0,0,0],[0,0,0,0,0,0,0,0,1,0,0,0],[0,0,0,0,0,0,0,0,1,1,0,0],[0,0,0,0,0,0,0,0,1,1,1,0],[0,0,0,0,0,0,0,0,0,0,1,1]]",0.7857232377972063,4.250614595908985,8.686569679397534,8.686569679397518,36,18,74,0.7528094331027285,0.0,4.9656274620823995,81.42667690473453,39.66975341374423,2.3330661811289675,756.6792956760762,0.0,0.0,0.0,0.5067816198699298,-17.97973559183728,2.588626939524893,0.023035528175905897,0.4166368952801278,0,0,0,0
xxz_n12_s20272804,12,20272804,6,B06,"[[10,11],[3,4],[8,9],[0,1],[5,6],[2,3],[1,2],[10,9],[4,5],[6,7],[7,8]]","[[1,0,0,0,0,0,0,0,0,0,0,0],[1,1,0,0,0,0,0,0,0,0,0,0],[1,1,1,0,0,0,0,0,0,0,0,0],[0,0,1,1,0,0,0,0,0,0,0,0],[0,0,0,1,1,0,0,0,0,0,0,0],[0,0,0,1,1,1,0,0,0,0,0,0],[0,0,0,0,0,1,1,0,0,0,0,0],[0,0,0,0,0,1,1,1,0,0,0,0],[0,0,0,0,0,1,1,1,1,0,0,0],[0,0,0,0,0,0,0,0,1,1,1,0],[0,0,0,0,0,0,0,0,0,0,1,0],[0,0,0,0,0,0,0,0,0,0,1,1]]",0.6139411595162898,3.5519699910234137,9.923710214218469,9.923710214218472,36,20,76,0.6845821291565141,0.0,23.067053834423675,87.72662914697764,44.15149403602746,2.571058830842422,467.364657977031,0.0,0.0,0.0,0.5094615066177752,-17.982415478585125,2.5859470527770476,0.023157341209898874,0.41395700853228234,0,0,0,0
xxz_n12_s20272804,12,20272804,7,B07,"[[1,0],[3,4],[2,1],[11,10],[9,10],[9,8],[7,8],[6,5],[2,3],[6,7],[4,5]]","[[1,1,0,0,0,0,0,0,0,0,0,0],[0,1,1,0,0,0,0,0,0,0,0,0],[0,0,1,0,0,0,0,0,0,0,0,0],[0,0,1,1,0,0,0,0,0,0,0,0],[0,0,0,1,1,0,0,0,0,0,0,0],[0,0,0,1,1,1,1,0,0,0,0,0],[0,0,0,0,0,0,1,0,0,0,0,0],[0,0,0,0,0,0,1,1,0,0,0,0],[0,0,0,0,0,0,0,1,1,1,0,0],[0,0,0,0,0,0,0,0,0,1,0,0],[0,0,0,0,0,0,0,0,0,1,1,1],[0,0,0,0,0,0,0,0,0,0,0,1]]",1.0139212218321352,5.559891997778431,9.424900375572983,9.42490037557297,36,16,72,0.7351770316665472,0.0,2.699869328381916e-06,78.28702119965591,42.029777071560204,2.2299423478866514,162.84019240894534,0.0,0.0,0.0,0.3625552416808979,-17.835509213648248,2.732853317713925,0.01647978371276809,0.5608632734691597,0,0,0,0
xxz_n12_s20272804,12,20272804,8,B08,"[[1,0],[3,2],[10,9],[10,11],[3,4],[9,8],[6,5],[2,1],[5,4],[6,7],[7,8]]","[[1,1,0,0,0,0,0,0,0,0,0,0],[0,1,1,1,0,0,0,0,0,0,0,0],[0,0,1,1,0,0,0,0,0,0,0,0],[0,0,0,1,0,0,0,0,0,0,0,0],[0,0,0,1,1,1,1,0,0,0,0,0],[0,0,0,0,0,1,1,0,0,0,0,0],[0,0,0,0,0,0,1,0,0,0,0,0],[0,0,0,0,0,0,1,1,0,0,0,0],[0,0,0,0,0,0,1,1,1,1,1,0],[0,0,0,0,0,0,0,0,0,1,1,0],[0,0,0,0,0,0,0,0,0,0,1,0],[0,0,0,0,0,0,0,0,0,0,1,1]]",1.2010613399328576,5.515522361011971,12.100493231805068,12.100493231805055,36,17,73,0.7222074881809697,0.0,1.9468079364612824e-06,89.40632217130474,42.49775156809864,2.1799678235566473,272.75894738202777,0.0,0.0,0.0,0.7408626758558228,-18.213816647823172,2.354545883539,0.03367557617526467,0.1825558392942348,0,0,0,0
xxz_n12_s20272804,12,20272804,9,B09,"[[8,9],[5,6],[10,11],[7,6],[0,1],[3,2],[3,4],[5,4],[8,7],[10,9],[1,2]]","[[1,0,0,0,0,0,0,0,0,0,0,0],[1,1,0,0,0,0,0,0,0,0,0,0],[1,1,1,1,0,0,0,0,0,0,0,0],[0,0,0,1,0,0,0,0,0,0,0,0],[0,0,0,1,1,1,0,0,0,0,0,0],[0,0,0,0,0,1,0,0,0,0,0,0],[0,0,0,0,0,1,1,1,0,0,0,0],[0,0,0,0,0,0,0,1,1,0,0,0],[0,0,0,0,0,0,0,0,1,0,0,0],[0,0,0,0,0,0,0,0,1,1,1,0],[0,0,0,0,0,0,0,0,0,0,1,0],[0,0,0,0,0,0,0,0,0,0,1,1]]",0.42367834406156624,2.84994638143963,9.759765688324949,9.759765688324952,36,18,74,0.7922820944342082,0.0,4.131968368429048,87.72711128368906,38.0282808538563,2.102170335118445,349.4011761945411,0.0,0.0,0.0,0.7469942377569794,-18.21994820972433,2.3484143216378435,0.03395428353440815,0.1764242773930782,0,0,0,0
xxz_n12_s20272804,12,20272804,10,B10,"[[1,0],[8,9],[2,1],[5,6],[2,3],[3,4],[9,10],[5,4],[7,8],[6,7],[10,11]]","[[1,1,0,0,0,0,0,0,0,0,0,0],[0,1,1,0,0,0,0,0,0,0,0,0],[0,0,1,0,0,0,0,0,0,0,0,0],[0,0,1,1,0,0,0,0,0,0,0,0],[0,0,1,1,1,1,0,0,0,0,0,0],[0,0,0,0,0,1,0,0,0,0,0,0],[0,0,0,0,0,1,1,0,0,0,0,0],[0,0,0,0,0,1,1,1,0,0,0,0],[0,0,0,0,0,0,0,1,1,0,0,0],[0,0,0,0,0,0,0,0,1,1,0,0],[0,0,0,0,0,0,0,0,1,1,1,0],[0,0,0,0,0,0,0,0,1,1,1,1]]",0.8959955802441356,4.581231654684646,7.953464302360763,7.953464302360759,36,19,75,0.7132641536364054,0.0,18.46525320835213,79.15704663810226,44.53204079033318,2.607901282890608,146.85468489066625,0.0,0.0,0.0,0.5112137984777867,-17.984167770445136,2.584194760917036,0.023236990839899396,0.4122047166722709,0,0,0,0
xxz_n12_s20272804,12,20272804,11,B11,"[[1,2],[7,6],[4,3],[6,5],[8,7],[10,11],[1,0],[5,4],[3,2],[10,9],[8,9]]","[[1,1,0,0,0,0,0,0,0,0,0,0],[0,1,0,0,0,0,0,0,0,0,0,0],[0,1,1,1,1,0,0,0,0,0,0,0],[0,0,0,1,1,0,0,0,0,0,0,0],[0,0,0,0,1,1,1,1,0,0,0,0],[0,0,0,0,0,1,1,1,0,0,0,0],[0,0,0,0,0,0,1,1,0,0,0,0],[0,0,0,0,0,0,0,1,1,0,0,0],[0,0,0,0,0,0,0,0,1,0,0,0],[0,0,0,0,0,0,0,0,1,1,1,0],[0,0,0,0,0,0,0,0,0,0,1,0],[0,0,0,0,0,0,0,0,0,0,1,1]]",1.477681558200407,6.723470791565567,12.168411820301053,12.168411820301063,36,18,74,0.6729964662555851,0.0,7.700906613662375,87.72710164920068,37.389715918616794,2.1153001003740726,286.48230836969395,0.0,0.0,0.0,0.6320849833461324,-18.105038955313482,2.4633235760486905,0.02873113560664238,0.2913335318039252,0,0,0,0
xxz_n12_s20272841,12,20272841,0,B00,"[[5,4],[5,6],[10,11],[3,4],[3,2],[1,0],[6,7],[9,8],[8,7],[10,9],[1,2]]","[[1,1,0,0,0,0,0,0,0,0,0,0],[0,1,0,0,0,0,0,0,0,0,0,0],[0,1,1,1,0,0,0,0,0,0,0,0],[0,0,0,1,0,0,0,0,0,0,0,0],[0,0,0,1,1,1,0,0,0,0,0,0],[0,0,0,0,0,1,0,0,0,0,0,0],[0,0,0,0,0,1,1,0,0,0,0,0],[0,0,0,0,0,1,1,1,1,1,0,0],[0,0,0,0,0,0,0,0,1,1,0,0],[0,0,0,0,0,0,0,0,0,1,1,0],[0,0,0,0,0,0,0,0,0,0,1,0],[0,0,0,0,0,0,0,0,0,0,1,1]]",1.396939112222746,5.308633300664209,8.652769937393247,8.65276993739325,36,17,73,0.7722653458137752,0.0,1.7850445613114856e-06,88.28065797299124,44.29694883426295,1.8984673353216475,482.8306181109252,0.0,0.0,0.0,0.4906432421845892,-17.963568251249118,2.6047942801130546,0.022301965553844963,0.6385904424720259,0,0,0,0
xxz_n12_s20272841,12,20272841,1,B01,"[[9,10],[4,5],[11,10],[3,4],[1,0],[7,8],[8,9],[5,6],[6,7],[3,2],[1,2]]","[[1,1,0,0,0,0,0,0,0,0,0,0],[0,1,0,0,0,0,0,0,0,0,0,0],[0,1,1,1,0,0,0,0,0,0,0,0],[0,0,0,1,0,0,0,0,0,0,0,0],[0,0,0,1,1,0,0,0,0,0,0,0],[0,0,0,0,1,1,0,0,0,0,0,0],[0,0,0,0,1,1,1,0,0,0,0,0],[0,0,0,0,1,1,1,1,0,0,0,0],[0,0,0,0,0,0,0,1,1,0,0,0],[0,0,0,0,0,0,0,1,1,1,0,0],[0,0,0,0,0,0,0,0,0,1,1,1],[0,0,0,0,0,0,0,0,0,0,0,1]]",1.2397707705711123,3.832497790577367,7.309329579782737,7.309329579782744,36,19,75,0.6795244704793326,0.0,8.37638096895481,88.51847409648282,43.6804908309172,2.068798578674277,1960.8125258877276,0.0,0.0,0.0,0.4364272188636029,-17.90935222792813,2.659010303434041,0.019837600857436497,0.6928064657930122,0,0,0,0
xxz_n12_s20272841,12,20272841,2,B02,"[[3,2],[11,10],[9,8],[9,10],[1,0],[7,6],[3,4],[6,5],[1,2],[4,5],[8,7]]","[[1,1,0,0,0,0,0,0,0,0,0,0],[0,1,0,0,0,0,0,0,0,0,0,0],[0,1,1,1,0,0,0,0,0,0,0,0],[0,0,0,1,0,0,0,0,0,0,0,0],[0,0,0,1,1,0,0,0,0,0,0,0],[0,0,0,1,1,1,1,1,0,0,0,0],[0,0,0,0,0,0,1,1,0,0,0,0],[0,0,0,0,0,0,0,1,1,1,0,0],[0,0,0,0,0,0,0,0,1,1,0,0],[0,0,0,0,0,0,0,0,0,1,0,0],[0,0,0,0,0,0,0,0,0,1,1,1],[0,0,0,0,0,0,0,0,0,0,0,1]]",1.2801358616484892,5.069234354991002,9.797757534973968,9.797757534973968,36,18,74,0.752571078853474,0.0,3.602329748343314,79.55706270014113,43.760827607668844,2.341074577558944,1859.4146052206193,0.0,0.0,0.0,0.45211440150469073,-17.92503941056922,2.643323120792953,0.02055065461384958,0.6771192831519244,0,0,0,0
xxz_n12_s20272841,12,20272841,3,B03,"[[10,9],[7,8],[2,1],[9,8],[0,1],[2,3],[5,6],[4,3],[7,6],[11,10],[4,5]]","[[1,0,0,0,0,0,0,0,0,0,0,0],[1,1,1,0,0,0,0,0,0,0,0,0],[0,0,1,0,0,0,0,0,0,0,0,0],[0,0,1,1,1,0,0,0,0,0,0,0],[0,0,0,0,1,0,0,0,0,0,0,0],[0,0,0,0,1,1,0,0,0,0,0,0],[0,0,0,0,0,1,1,1,0,0,0,0],[0,0,0,0,0,0,0,1,0,0,0,0],[0,0,0,0,0,0,0,1,1,1,1,0],[0,0,0,0,0,0,0,0,0,1,1,0],[0,0,0,0,0,0,0,0,0,0,1,1],[0,0,0,0,0,0,0,0,0,0,0,1]]",0.5755619338240358,2.9998207782897706,8.882518965010068,8.882518965010082,36,19,75,0.7654099802440627,0.0,2.6791055595020405,87.95590430396342,42.63704731915046,1.9478556133166527,44065.79403084585,0.0,0.0,0.0,0.6874818214668466,-18.160406830531375,2.4079557008307972,0.03124917370303848,0.44175186318976856,0,0,0,0
xxz_n12_s20272841,12,20272841,4,B04,"[[8,9],[6,7],[0,1],[3,4],[7,8],[6,5],[10,9],[4,5],[1,2],[3,2],[11,10]]","[[1,0,0,0,0,0,0,0,0,0,0,0],[1,1,0,0,0,0,0,0,0,0,0,0],[1,1,1,1,0,0,0,0,0,0,0,0],[0,0,0,1,0,0,0,0,0,0,0,0],[0,0,0,1,1,0,0,0,0,0,0,0],[0,0,0,1,1,1,1,0,0,0,0,0],[0,0,0,0,0,0,1,0,0,0,0,0],[0,0,0,0,0,0,1,1,0,0,0,0],[0,0,0,0,0,0,1,1,1,0,0,0],[0,0,0,0,0,0,0,0,1,1,1,0],[0,0,0,0,0,0,0,0,0,0,1,1],[0,0,0,0,0,0,0,0,0,0,0,1]]",0.9086693318612904,4.487015165838473,8.522350501548287,8.522350501548289,36,19,75,0.7372549015783328,0.0,2.573121553182112,77.06079037725935,43.3189549937652,2.1960860351307394,32954.68244467132,0.0,0.0,0.0,0.56567036641923,-18.03859537548376,2.529767155878414,0.02571228938269227,0.5635633182373851,0,0,0,0
xxz_n12_s20272841,12,20272841,5,B05,"[[8,9],[0,1],[10,9],[5,6],[4,3],[10,11],[7,6],[2,1],[3,2],[5,4],[7,8]]","[[1,0,0,0,0,0,0,0,0,0,0,0],[1,1,1,0,0,0,0,0,0,0,0,0],[0,0,1,1,1,0,0,0,0,0,0,0],[0,0,0,1,1,0,0,0,0,0,0,0],[0,0,0,0,1,1,0,0,0,0,0,0],[0,0,0,0,0,1,0,0,0,0,0,0],[0,0,0,0,0,1,1,1,0,0,0,0],[0,0,0,0,0,0,0,1,0,0,0,0],[0,0,0,0,0,0,0,1,1,0,0,0],[0,0,0,0,0,0,0,0,1,1,1,0],[0,0,0,0,0,0,0,0,0,0,1,0],[0,0,0,0,0,0,0,0,0,0,1,1]]",4.218265353362395,14.905300316006366,16.87697600042187,16.876976000421898,36,18,74,0.7145992313111508,0.0,0.5884292969980308,88.88798512417334,43.08178595235496,1.8401100974777111,44314.086329379876,0.0,0.0,0.0,1.129233684656615,-18.602158693721144,1.9662038376410287,0.05132880384802796,0.0,0,1,1,1
xxz_n12_s20272841,12,20272841,6,B06,"[[7,8],[5,4],[3,4],[0,1],[2,3],[10,9],[8,9],[10,11],[6,7],[5,6],[1,2]]","[[1,0,0,0,0,0,0,0,0,0,0,0],[1,1,0,0,0,0,0,0,0,0,0,0],[1,1,1,0,0,0,0,0,0,0,0,0],[0,0,1,1,0,0,0,0,0,0,0,0],[0,0,0,1,1,1,0,0,0,0,0,0],[0,0,0,0,0,1,0,0,0,0,0,0],[0,0,0,0,0,1,1,0,0,0,0,0],[0,0,0,0,0,0,1,1,0,0,0,0],[0,0,0,0,0,0,0,1,1,0,0,0],[0,0,0,0,0,0,0,1,1,1,1,0],[0,0,0,0,0,0,0,0,0,0,1,0],[0,0,0,0,0,0,0,0,0,0,1,1]]",0.6966492260129357,5.0581568131048735,6.487492060379923,6.487492060379931,36,18,74,0.7612572644967508,0.0,1.202823389824233,87.47003503865314,39.36653602110087,2.0876204815444517,33934.62938359526,0.0,0.0,0.0,0.266986222976616,-17.739911232041145,2.828451299321028,0.012135737408028001,0.8622474616799991,0,0,0,0
xxz_n12_s20272841,12,20272841,7,B07,"[[1,0],[6,5],[7,6],[3,2],[8,9],[7,8],[5,4],[4,3],[1,2],[9,10],[10,11]]","[[1,1,0,0,0,0,0,0,0,0,0,0],[0,1,0,0,0,0,0,0,0,0,0,0],[0,1,1,1,0,0,0,0,0,0,0,0],[0,0,0,1,1,1,1,0,0,0,0,0],[0,0,0,0,1,1,1,0,0,0,0,0],[0,0,0,0,0,1,1,0,0,0,0,0],[0,0,0,0,0,0,1,1,0,0,0,0],[0,0,0,0,0,0,0,1,0,0,0,0],[0,0,0,0,0,0,0,1,1,0,0,0],[0,0,0,0,0,0,0,0,1,1,0,0],[0,0,0,0,0,0,0,0,1,1,1,0],[0,0,0,0,0,0,0,0,1,1,1,1]]",1.5534833660546608,4.793325680992343,9.713403766600718,9.713403766600727,36,19,75,0.6677218650750755,0.0,14.40777281680488,88.53118708288898,41.08874639891947,2.2179092381918295,242456.25208701502,0.0,0.0,0.0,0.4413665130140316,-17.91429152207856,2.654071009283612,0.02006211422791053,0.6878671716425835,1,0,0,0
xxz_n12_s20272841,12,20272841,8,B08,"[[5,4],[11,10],[1,0],[10,9],[2,1],[8,7],[5,6],[6,7],[8,9],[3,4],[3,2]]","[[1,1,0,0,0,0,0,0,0,0,0,0],[0,1,1,0,0,0,0,0,0,0,0,0],[0,0,1,1,0,0,0,0,0,0,0,0],[0,0,0,1,0,0,0,0,0,0,0,0],[0,0,0,1,1,1,0,0,0,0,0,0],[0,0,0,0,0,1,0,0,0,0,0,0],[0,0,0,0,0,1,1,0,0,0,0,0],[0,0,0,0,0,1,1,1,1,0,0,0],[0,0,0,0,0,0,0,0,1,0,0,0],[0,0,0,0,0,0,0,0,1,1,1,1],[0,0,0,0,0,0,0,0,0,0,1,1],[0,0,0,0,0,0,0,0,0,0,0,1]]",0.8669132719275332,4.438906643693621,6.886947374141032,6.886947374141035,36,17,73,0.771426264058658,0.0,3.618815894654562e-06,80.60300212134354,44.50310068850521,1.9601040292860055,1561.041407321299,0.0,0.0,0.0,0.2649573071752904,-17.73788231623982,2.8304802151223534,0.012043513962513202,0.8642763774813247,0,0,0,0
xxz_n12_s20272841,12,20272841,9,B09,"[[4,3],[7,8],[4,5],[1,2],[8,9],[2,3],[1,0],[7,6],[5,6],[11,10],[10,9]]","[[1,1,0,0,0,0,0,0,0,0,0,0],[0,1,0,0,0,0,0,0,0,0,0,0],[0,1,1,0,0,0,0,0,0,0,0,0],[0,1,1,1,1,0,0,0,0,0,0,0],[0,0,0,0,1,0,0,0,0,0,0,0],[0,0,0,0,1,1,0,0,0,0,0,0],[0,0,0,0,1,1,1,1,0,0,0,0],[0,0,0,0,0,0,0,1,0,0,0,0],[0,0,0,0,0,0,0,1,1,0,0,0],[0,0,0,0,0,0,0,1,1,1,1,1],[0,0,0,0,0,0,0,0,0,0,1,1],[0,0,0,0,0,0,0,0,0,0,0,1]]",1.2767073349127527,5.214800665416443,9.281893529291535,9.281893529291546,36,16,72,0.7738548197888832,0.0,3.413425018613628e-06,80.44324836914066,43.87611723932674,2.045706992178266,1572.3774226594317,0.0,0.0,0.0,0.3480898372714343,-17.821014846335963,2.7473476850262095,0.01582226533051974,0.7811438473851808,0,0,0,0
xxz_n12_s20272841,12,20272841,10,B10,"[[10,11],[6,5],[0,1],[4,5],[7,8],[7,6],[9,8],[10,9],[1,2],[4,3],[3,2]]","[[1,0,0,0,0,0,0,0,0,0,0,0],[1,1,0,0,0,0,0,0,0,0,0,0],[1,1,1,1,1,0,0,0,0,0,0,0],[0,0,0,1,1,0,0,0,0,0,0,0],[0,0,0,0,1,0,0,0,0,0,0,0],[0,0,0,0,1,1,1,0,0,0,0,0],[0,0,0,0,0,0,1,1,0,0,0,0],[0,0,0,0,0,0,0,1,0,0,0,0],[0,0,0,0,0,0,0,1,1,1,0,0],[0,0,0,0,0,0,0,0,0,1,1,0],[0,0,0,0,0,0,0,0,0,0,1,0],[0,0,0,0,0,0,0,0,0,0,1,1]]",0.9186219436156429,4.249730619352519,9.127867277206825,9.12786727720681,36,16,72,0.7328519389074031,0.0,3.360872849184791e-06,88.59684080608963,43.06053814203247,1.8614194068321046,647.9413716722007,0.0,0.0,0.0,0.6388795013290469,-18.111804510393576,2.456558020968597,0.029039977333138497,0.4903541833275682,0,0,0,0
xxz_n12_s20272841,12,20272841,11,B11,"[[5,6],[8,7],[10,9],[6,7],[4,5],[10,11],[3,2],[8,9],[1,2],[4,3],[0,1]]","[[1,0,0,0,0,0,0,0,0,0,0,0],[1,1,0,0,0,0,0,0,0,0,0,0],[0,1,1,1,0,0,0,0,0,0,0,0],[0,0,0,1,1,0,0,0,0,0,0,0],[0,0,0,0,1,0,0,0,0,0,0,0],[0,0,0,0,1,1,0,0,0,0,0,0],[0,0,0,0,0,1,1,0,0,0,0,0],[0,0,0,0,0,1,1,1,1,0,0,0],[0,0,0,0,0,0,0,0,1,0,0,0],[0,0,0,0,0,0,0,0,1,1,1,0],[0,0,0,0,0,0,0,0,0,0,1,0],[0,0,0,0,0,0,0,0,0,0,1,1]]",1.6313255822826527,8.206591958639248,10.260444937611146,10.260444937611139,36,18,74,0.6882229266760524,0.0,3.9204391786857733,87.47002411853919,40.91107339102268,2.167278808771732,670.9417142505567,0.0,0.0,0.0,0.6043872494357778,-18.077312258500307,2.491050272861866,0.027472147701626263,0.5248464352208373,0,0,0,0
xxz_n12_s20272878,12,20272878,0,B00,"[[6,7],[10,9],[0,1],[10,11],[8,9],[8,7],[4,5],[1,2],[3,2],[6,5],[4,3]]","[[1,0,0,0,0,0,0,0,0,0,0,0],[1,1,0,0,0,0,0,0,0,0,0,0],[1,1,1,1,0,0,0,0,0,0,0,0],[0,0,0,1,1,0,0,0,0,0,0,0],[0,0,0,0,1,0,0,0,0,0,0,0],[0,0,0,0,1,1,1,0,0,0,0,0],[0,0,0,0,0,0,1,0,0,0,0,0],[0,0,0,0,0,0,1,1,1,0,0,0],[0,0,0,0,0,0,0,0,1,0,0,0],[0,0,0,0,0,0,0,0,1,1,1,0],[0,0,0,0,0,0,0,0,0,0,1,0],[0,0,0,0,0,0,0,0,0,0,1,1]]",1.3119872899066873,5.467075758406783,12.394249283299825,12.394249283299828,36,18,74,0.6857146951534946,0.0,4.228900401592128,84.5353052858207,40.77639755719936,2.064362778371873,441.42781192537353,0.0,0.0,0.0,0.6562463739867184,-18.129146454591222,2.4392160767709505,0.029829380635759926,0.603463083287771,0,0,0,0
xxz_n12_s20272878,12,20272878,1,B01,"[[10,11],[5,6],[4,5],[3,2],[6,7],[7,8],[1,2],[10,9],[9,8],[0,1],[4,3]]","[[1,0,0,0,0,0,0,0,0,0,0,0],[1,1,0,0,0,0,0,0,0,0,0,0],[0,1,1,1,0,0,0,0,0,0,0,0],[0,0,0,1,1,0,0,0,0,0,0,0],[0,0,0,0,1,0,0,0,0,0,0,0],[0,0,0,0,1,1,0,0,0,0,0,0],[0,0,0,0,0,1,1,0,0,0,0,0],[0,0,0,0,0,1,1,1,0,0,0,0],[0,0,0,0,0,1,1,1,1,1,1,0],[0,0,0,0,0,0,0,0,0,1,1,0],[0,0,0,0,0,0,0,0,0,0,1,0],[0,0,0,0,0,0,0,0,0,0,1,1]]",1.318355741198276,4.673340871218215,10.24640046644963,10.246400466449627,36,17,73,0.7364847047866141,0.0,2.5573529339166914e-06,89.50981956448975,43.72674285797102,2.1273149333830053,653.2133108118866,0.0,0.0,0.0,0.5923116140988576,-18.06521169470336,2.5031508366588113,0.02692325518631171,0.6673978431756318,0,0,0,0
xxz_n12_s20272878,12,20272878,2,B02,"[[8,7],[2,3],[10,9],[4,5],[0,1],[2,1],[6,7],[11,10],[3,4],[9,8],[5,6]]","[[1,0,0,0,0,0,0,0,0,0,0,0],[1,1,1,0,0,0,0,0,0,0,0,0],[0,0,1,0,0,0,0,0,0,0,0,0],[0,0,1,1,0,0,0,0,0,0,0,0],[0,0,1,1,1,0,0,0,0,0,0,0],[0,0,0,0,1,1,0,0,0,0,0,0],[0,0,0,0,1,1,1,0,0,0,0,0],[0,0,0,0,0,0,1,1,1,0,0,0],[0,0,0,0,0,0,0,0,1,1,1,0],[0,0,0,0,0,0,0,0,0,1,1,0],[0,0,0,0,0,0,0,0,0,0,1,1],[0,0,0,0,0,0,0,0,0,0,0,1]]",3.910160850660014,12.129884586538275,18.87318671680295,18.87318671680297,36,21,77,0.5859828238748207,0.0,37.354434589559936,88.92211693844101,43.77965819110504,2.1703159397644196,633.787985073886,0.0,0.0,0.0,1.2597094572744894,-18.732609537878993,1.8357529934831796,0.05725952078520406,0.0,0,1,1,1
xxz_n12_s20272878,12,20272878,3,B03,"[[1,0],[4,5],[3,2],[6,5],[9,10],[7,8],[3,4],[9,8],[7,6],[1,2],[11,10]]","[[1,1,0,0,0,0,0,0,0,0,0,0],[0,1,0,0,0,0,0,0,0,0,0,0],[0,1,1,1,0,0,0,0,0,0,0,0],[0,0,0,1,0,0,0,0,0,0,0,0],[0,0,0,1,1,0,0,0,0,0,0,0],[0,0,0,0,1,1,1,0,0,0,0,0],[0,0,0,0,0,0,1,1,0,0,0,0],[0,0,0,0,0,0,0,1,0,0,0,0],[0,0,0,0,0,0,0,1,1,1,0,0],[0,0,0,0,0,0,0,0,0,1,0,0],[0,0,0,0,0,0,0,0,0,1,1,1],[0,0,0,0,0,0,0,0,0,0,0,1]]",2.142813714766244,8.307914948753103,12.756503301541828,12.756503301541862,36,18,74,0.7248986594280828,0.0,5.326169448309671,79.25893021703091,42.19717068737881,2.338102063933829,510.42591534080236,0.0,0.0,0.0,0.5661826152406171,-18.03908269584512,2.529279835517052,0.025735573420028048,0.6935268420338723,0,0,0,0
xxz_n12_s20272878,12,20272878,4,B04,"[[8,7],[8,9],[6,7],[9,10],[3,4],[6,5],[3,2],[1,2],[1,0],[5,4],[10,11]]","[[1,1,0,0,0,0,0,0,0,0,0,0],[0,1,0,0,0,0,0,0,0,0,0,0],[0,1,1,1,0,0,0,0,0,0,0,0],[0,0,0,1,0,0,0,0,0,0,0,0],[0,0,0,1,1,1,1,0,0,0,0,0],[0,0,0,0,0,1,1,0,0,0,0,0],[0,0,0,0,0,0,1,0,0,0,0,0],[0,0,0,0,0,0,1,1,1,0,0,0],[0,0,0,0,0,0,0,0,1,0,0,0],[0,0,0,0,0,0,0,0,1,1,0,0],[0,0,0,0,0,0,0,0,1,1,1,0],[0,0,0,0,0,0,0,0,1,1,1,1]]",1.8172306151312587,6.733007818668475,10.978307142671113,10.978307142671117,36,20,76,0.6691445175546428,0.0,18.160872865536668,80.61952788965272,43.27944001198109,2.3912382606501605,486.63769558310514,0.0,0.0,0.0,0.6964528218872132,-18.169352902491717,2.3990096288704557,0.031656946449418785,0.5632566353872761,0,0,0,0
xxz_n12_s20272878,12,20272878,5,B05,"[[3,2],[8,7],[9,8],[5,6],[4,3],[7,6],[10,11],[0,1],[10,9],[2,1],[5,4]]","[[1,0,0,0,0,0,0,0,0,0,0,0],[1,1,1,1,0,0,0,0,0,0,0,0],[0,0,1,1,0,0,0,0,0,0,0,0],[0,0,0,1,1,0,0,0,0,0,0,0],[0,0,0,0,1,1,0,0,0,0,0,0],[0,0,0,0,0,1,0,0,0,0,0,0],[0,0,0,0,0,1,1,1,1,0,0,0],[0,0,0,0,0,0,0,1,1,0,0,0],[0,0,0,0,0,0,0,0,1,1,0,0],[0,0,0,0,0,0,0,0,0,1,1,0],[0,0,0,0,0,0,0,0,0,0,1,0],[0,0,0,0,0,0,0,0,0,0,1,1]]",1.7782632994232284,7.696107962165252,8.760008501275733,8.76000850127573,36,16,72,0.6701151764568289,0.0,2.175091266537212e-06,89.08914330920761,43.69280496128726,1.946006659177156,226.29177063035456,0.0,0.0,0.0,0.7325299381581871,-18.20543001876269,2.362932512599482,0.03329681537082669,0.5271795191163022,0,0,0,0
xxz_n12_s20272878,12,20272878,6,B06,"[[9,10],[7,8],[5,4],[3,2],[2,1],[6,5],[1,0],[7,6],[8,9],[10,11],[3,4]]","[[1,1,1,1,0,0,0,0,0,0,0,0],[0,1,1,1,0,0,0,0,0,0,0,0],[0,0,1,1,0,0,0,0,0,0,0,0],[0,0,0,1,0,0,0,0,0,0,0,0],[0,0,0,1,1,1,0,0,0,0,0,0],[0,0,0,0,0,1,1,0,0,0,0,0],[0,0,0,0,0,0,1,1,0,0,0,0],[0,0,0,0,0,0,0,1,0,0,0,0],[0,0,0,0,0,0,0,1,1,0,0,0],[0,0,0,0,0,0,0,1,1,1,0,0],[0,0,0,0,0,0,0,0,0,1,1,0],[0,0,0,0,0,0,0,0,0,1,1,1]]",1.3195436516281789,4.7106580663662525,9.376712235029418,9.37671223502942,36,21,77,0.7496776024810198,0.0,13.652211857197901,71.93078473326098,44.21035934467782,2.5626643835951026,861.1684238307141,0.0,0.0,0.0,0.5958019871617921,-18.068702067766296,2.499660463595877,0.027081908507354188,0.6639074701126972,0,0,0,0
xxz_n12_s20272878,12,20272878,7,B07,"[[1,0],[1,2],[6,7],[7,8],[10,9],[5,6],[3,4],[3,2],[8,9],[5,4],[11,10]]","[[1,1,0,0,0,0,0,0,0,0,0,0],[0,1,0,0,0,0,0,0,0,0,0,0],[0,1,1,1,0,0,0,0,0,0,0,0],[0,0,0,1,0,0,0,0,0,0,0,0],[0,0,0,1,1,1,0,0,0,0,0,0],[0,0,0,0,0,1,0,0,0,0,0,0],[0,0,0,0,0,1,1,0,0,0,0,0],[0,0,0,0,0,0,1,1,0,0,0,0],[0,0,0,0,0,0,1,1,1,0,0,0],[0,0,0,0,0,0,1,1,1,1,1,0],[0,0,0,0,0,0,0,0,0,0,1,1],[0,0,0,0,0,0,0,0,0,0,0,1]]",1.522826753364725,6.355116208790293,13.048964011837962,13.048964011837954,36,19,75,0.7427319943253692,0.0,9.48059628857434,81.25876854002358,44.93386142721858,2.221787505990267,539.1675221848882,0.0,0.0,0.0,0.5219489806552247,-17.99484906125973,2.5735134701024442,0.023724953666146575,0.7377604766192647,0,0,0,0
xxz_n12_s20272878,12,20272878,8,B08,"[[2,1],[8,9],[2,3],[10,11],[5,6],[4,3],[9,10],[6,7],[4,5],[8,7],[0,1]]","[[1,0,0,0,0,0,0,0,0,0,0,0],[1,1,1,0,0,0,0,0,0,0,0,0],[0,0,1,0,0,0,0,0,0,0,0,0],[0,0,1,1,1,0,0,0,0,0,0,0],[0,0,0,0,1,0,0,0,0,0,0,0],[0,0,0,0,1,1,0,0,0,0,0,0],[0,0,0,0,0,1,1,0,0,0,0,0],[0,0,0,0,0,1,1,1,1,0,0,0],[0,0,0,0,0,0,0,0,1,0,0,0],[0,0,0,0,0,0,0,0,1,1,0,0],[0,0,0,0,0,0,0,0,1,1,1,0],[0,0,0,0,0,0,0,0,0,0,1,1]]",0.30073189974560544,1.7517972175907583,6.586604084754887,6.586604084754897,36,18,74,0.694588727655046,0.0,4.433165656855504,87.76397591989675,41.51379231063025,2.3323071395057147,357.69902177290544,0.0,0.0,0.0,0.5965140855271933,-18.069414166131697,2.4989483652304756,0.027114276614872423,0.663195371747296,0,0,0,0
xxz_n12_s20272878,12,20272878,9,B09,"[[2,3],[11,10],[6,5],[8,9],[8,7],[10,9],[2,1],[6,7],[4,3],[1,0],[5,4]]","[[1,1,1,0,0,0,0,0,0,0,0,0],[0,1,1,0,0,0,0,0,0,0,0,0],[0,0,1,0,0,0,0,0,0,0,0,0],[0,0,1,1,1,0,0,0,0,0,0,0],[0,0,0,0,1,1,1,0,0,0,0,0],[0,0,0,0,0,1,1,0,0,0,0,0],[0,0,0,0,0,0,1,0,0,0,0,0],[0,0,0,0,0,0,1,1,1,0,0,0],[0,0,0,0,0,0,0,0,1,0,0,0],[0,0,0,0,0,0,0,0,1,1,1,1],[0,0,0,0,0,0,0,0,0,0,1,1],[0,0,0,0,0,0,0,0,0,0,0,1]]",1.981632766174537,8.188215526301379,13.702682678513838,13.702682678513838,36,20,76,0.6564866325063761,0.0,35.61153598415469,79.15159805044061,42.526879641883,2.673521802211393,1397.97201303372,0.0,0.0,0.0,1.2480359873462454,-18.72093606795075,1.8474264634114235,0.056728908515738426,0.011673469928243918,0,0,0,0
xxz_n12_s20272878,12,20272878,10,B10,"[[9,8],[0,1],[5,4],[6,5],[3,4],[11,10],[8,7],[2,1],[2,3],[9,10],[6,7]]","[[1,0,0,0,0,0,0,0,0,0,0,0],[1,1,1,0,0,0,0,0,0,0,0,0],[0,0,1,0,0,0,0,0,0,0,0,0],[0,0,1,1,0,0,0,0,0,0,0,0],[0,0,0,1,1,1,0,0,0,0,0,0],[0,0,0,0,0,1,1,0,0,0,0,0],[0,0,0,0,0,0,1,0,0,0,0,0],[0,0,0,0,0,0,1,1,1,1,0,0],[0,0,0,0,0,0,0,0,1,1,0,0],[0,0,0,0,0,0,0,0,0,1,0,0],[0,0,0,0,0,0,0,0,0,1,1,1],[0,0,0,0,0,0,0,0,0,0,0,1]]",1.2232490748723883,4.4217381343746265,12.602814592311754,12.602814592311756,36,17,73,0.7515145925838126,0.0,3.017941663071086e-06,87.8232353517863,43.49365333525355,1.966750192587474,348.0869334864508,0.0,0.0,0.0,0.6222924349126977,-18.0951925155172,2.473170015844971,0.028286019768758986,0.6374170223617917,1,0,0,0
xxz_n12_s20272878,12,20272878,11,B11,"[[8,9],[6,7],[8,7],[1,2],[11,10],[9,10],[1,0],[5,6],[3,4],[4,5],[3,2]]","[[1,1,0,0,0,0,0,0,0,0,0,0],[0,1,0,0,0,0,0,0,0,0,0,0],[0,1,1,1,0,0,0,0,0,0,0,0],[0,0,0,1,0,0,0,0,0,0,0,0],[0,0,0,1,1,0,0,0,0,0,0,0],[0,0,0,1,1,1,0,0,0,0,0,0],[0,0,0,0,0,1,1,0,0,0,0,0],[0,0,0,0,0,0,1,1,1,0,0,0],[0,0,0,0,0,0,0,0,1,0,0,0],[0,0,0,0,0,0,0,0,1,1,0,0],[0,0,0,0,0,0,0,0,1,1,1,1],[0,0,0,0,0,0,0,0,0,0,0,1]]",1.6043488947734645,6.261511445115848,8.314843731014648,8.314843731014664,36,19,75,0.6707051542051701,0.0,15.70096844869281,88.34743644015327,39.65806453035432,2.176009428053295,520.8426733510269,0.0,0.0,0.0,0.3698902064601768,-17.84279028706468,2.725572244297492,0.01681319120273531,0.8898192508143126,0,0,0,0
xxz_n12_s20272915,12,20272915,0,B00,"[[3,4],[10,9],[0,1],[8,9],[10,11],[7,6],[5,6],[8,7],[4,5],[1,2],[2,3]]","[[1,0,0,0,0,0,0,0,0,0,0,0],[1,1,0,0,0,0,0,0,0,0,0,0],[1,1,1,0,0,0,0,0,0,0,0,0],[1,1,1,1,0,0,0,0,0,0,0,0],[0,0,0,1,1,0,0,0,0,0,0,0],[0,0,0,1,1,1,0,0,0,0,0,0],[0,0,0,0,0,1,1,1,0,0,0,0],[0,0,0,0,0,0,0,1,1,0,0,0],[0,0,0,0,0,0,0,0,1,0,0,0],[0,0,0,0,0,0,0,0,1,1,1,0],[0,0,0,0,0,0,0,0,0,0,1,0],[0,0,0,0,0,0,0,0,0,0,1,1]]",0.6019994157457382,3.8698767643027137,9.971594847198663,9.971594847198663,36,19,75,0.7845356836772288,0.0,10.196808050391805,85.94234074126017,43.824442960403964,2.2693393379216187,1430.2472350335438,0.0,0.0,0.0,0.7299805902448036,-18.20293087804493,2.3654316533172413,0.03318093592021834,0.6685817483580969,0,0,0,0
xxz_n12_s20272915,12,20272915,1,B01,"[[9,8],[6,5],[3,2],[1,2],[3,4],[9,10],[0,1],[5,4],[6,7],[8,7],[11,10]]","[[1,0,0,0,0,0,0,0,0,0,0,0],[1,1,0,0,0,0,0,0,0,0,0,0],[0,1,1,1,0,0,0,0,0,0,0,0],[0,0,0,1,0,0,0,0,0,0,0,0],[0,0,0,1,1,1,1,0,0,0,0,0],[0,0,0,0,0,1,1,0,0,0,0,0],[0,0,0,0,0,0,1,0,0,0,0,0],[0,0,0,0,0,0,1,1,1,1,0,0],[0,0,0,0,0,0,0,0,1,1,0,0],[0,0,0,0,0,0,0,0,0,1,0,0],[0,0,0,0,0,0,0,0,0,1,1,1],[0,0,0,0,0,0,0,0,0,0,0,1]]",1.9558570353148252,6.838493992595952,11.499659095259922,11.499659095259924,36,19,75,0.7111390636998052,0.0,10.614310679026694,83.99809512099277,40.835438857224325,2.3274220517575963,610.6581758304872,0.0,0.0,0.0,0.5678819096689516,-18.04083219746908,2.5275303338930932,0.025812814075861435,0.8306804289339489,0,0,0,0
xxz_n12_s20272915,12,20272915,2,B02,"[[4,3],[1,2],[10,9],[8,7],[1,0],[9,8],[6,5],[5,4],[11,10],[6,7],[3,2]]","[[1,1,0,0,0,0,0,0,0,0,0,0],[0,1,0,0,0,0,0,0,0,0,0,0],[0,1,1,1,1,0,0,0,0,0,0,0],[0,0,0,1,1,0,0,0,0,0,0,0],[0,0,0,0,1,1,1,0,0,0,0,0],[0,0,0,0,0,1,1,0,0,0,0,0],[0,0,0,0,0,0,1,0,0,0,0,0],[0,0,0,0,0,0,1,1,1,0,0,0],[0,0,0,0,0,0,0,0,1,1,1,0],[0,0,0,0,0,0,0,0,0,1,1,0],[0,0,0,0,0,0,0,0,0,0,1,1],[0,0,0,0,0,0,0,0,0,0,0,1]]",3.8207715087849525,12.840285477820567,19.00754801738737,19.00754801738742,36,20,76,0.6024980380244075,0.0,20.21406702846382,88.79663857548161,42.30418211529192,2.124727370577282,409.7218600160738,0.0,0.0,0.0,1.3985623386029005,-18.871512626403028,1.6968499049591443,0.06357101539104093,0.0,0,0,0,1
xxz_n12_s20272915,12,20272915,3,B03,"[[0,1],[2,3],[10,11],[4,3],[9,8],[7,8],[9,10],[2,1],[6,7],[6,5],[5,4]]","[[1,0,0,0,0,0,0,0,0,0,0,0],[1,1,1,0,0,0,0,0,0,0,0,0],[0,0,1,0,0,0,0,0,0,0,0,0],[0,0,1,1,1,0,0,0,0,0,0,0],[0,0,0,0,1,1,1,0,0,0,0,0],[0,0,0,0,0,1,1,0,0,0,0,0],[0,0,0,0,0,0,1,0,0,0,0,0],[0,0,0,0,0,0,1,1,0,0,0,0],[0,0,0,0,0,0,0,1,1,1,0,0],[0,0,0,0,0,0,0,0,0,1,0,0],[0,0,0,0,0,0,0,0,0,1,1,0],[0,0,0,0,0,0,0,0,0,0,1,1]]",1.2442207741704538,5.759190954272049,9.954446421338595,9.95444642133857,36,18,74,0.6941214304425803,0.0,3.545648978311046,85.83009447389112,44.5103729728322,2.212849160222358,659.487655679098,0.0,0.0,0.0,1.0127203354200738,-18.4856706232202,2.082691908141971,0.04603274251909426,0.3858420031828267,0,0,0,0
xxz_n12_s20272915,12,20272915,4,B04,"[[7,6],[7,8],[3,2],[10,9],[10,11],[9,8],[6,5],[1,2],[4,5],[1,0],[3,4]]","[[1,1,0,0,0,0,0,0,0,0,0,0],[0,1,0,0,0,0,0,0,0,0,0,0],[0,1,1,1,0,0,0,0,0,0,0,0],[0,0,0,1,0,0,0,0,0,0,0,0],[0,0,0,1,1,0,0,0,0,0,0,0],[0,0,0,0,1,1,1,1,0,0,0,0],[0,0,0,0,0,0,1,1,0,0,0,0],[0,0,0,0,0,0,0,1,0,0,0,0],[0,0,0,0,0,0,0,1,1,1,1,0],[0,0,0,0,0,0,0,0,0,1,1,0],[0,0,0,0,0,0,0,0,0,0,1,0],[0,0,0,0,0,0,0,0,0,0,1,1]]",1.8228423777280605,8.142040853148993,14.0616300736723,14.061630073672275,36,17,73,0.7212559035019741,0.0,3.4083916396536995e-06,87.95709393656362,42.45718694938334,2.053836332070277,308.0794350849269,0.0,0.0,0.0,0.6769211394923182,-18.149871427292446,2.4184911040697266,0.030769142704196284,0.7216411991105822,0,0,0,0
xxz_n12_s20272915,12,20272915,5,B05,"[[7,8],[6,7],[1,0],[2,1],[8,9],[9,10],[5,4],[10,11],[3,2],[3,4],[6,5]]","[[1,1,0,0,0,0,0,0,0,0,0,0],[0,1,1,0,0,0,0,0,0,0,0,0],[0,0,1,1,0,0,0,0,0,0,0,0],[0,0,0,1,0,0,0,0,0,0,0,0],[0,0,0,1,1,1,0,0,0,0,0,0],[0,0,0,0,0,1,1,0,0,0,0,0],[0,0,0,0,0,0,1,0,0,0,0,0],[0,0,0,0,0,0,1,1,0,0,0,0],[0,0,0,0,0,0,0,1,1,0,0,0],[0,0,0,0,0,0,0,1,1,1,0,0],[0,0,0,0,0,0,0,1,1,1,1,0],[0,0,0,0,0,0,0,1,1,1,1,1]]",1.1707055087330707,4.30868318262376,8.368331295395677,8.368331295395674,36,18,74,0.7515676756194639,0.0,4.535266508425336,81.28399039790149,42.038891570213266,2.0101138381861974,498.20942599738817,0.0,0.0,0.0,0.4473891230043918,-17.92033941080452,2.648023120557653,0.020335869227472356,0.9511732155985086,0,0,0,0
xxz_n12_s20272915,12,20272915,6,B06,"[[7,6],[0,1],[8,7],[10,9],[10,11],[4,3],[5,4],[9,8],[6,5],[2,1],[3,2]]","[[1,0,0,0,0,0,0,0,0,0,0,0],[1,1,1,0,0,0,0,0,0,0,0,0],[0,0,1,1,1,0,0,0,0,0,0,0],[0,0,0,1,1,0,0,0,0,0,0,0],[0,0,0,0,1,1,0,0,0,0,0,0],[0,0,0,0,0,1,1,1,0,0,0,0],[0,0,0,0,0,0,1,1,0,0,0,0],[0,0,0,0,0,0,0,1,1,0,0,0],[0,0,0,0,0,0,0,0,1,1,1,0],[0,0,0,0,0,0,0,0,0,1,1,0],[0,0,0,0,0,0,0,0,0,0,1,0],[0,0,0,0,0,0,0,0,0,0,1,1]]",5.387173249190603,17.288896590310827,22.125018492980722,22.125018492980672,36,20,76,0.6467890477877555,0.0,12.613824620732851,89.45641204661982,42.364066290963976,1.8315176343964688,675.54949698047,0.0,0.0,0.0,1.2013329567121467,-18.674283244512274,1.8940792868498981,0.05460604348691576,0.19722938189075379,0,1,1,0
xxz_n12_s20272915,12,20272915,7,B07,"[[8,9],[1,2],[6,5],[10,9],[8,7],[3,4],[2,3],[4,5],[1,0],[10,11],[7,6]]","[[1,1,0,0,0,0,0,0,0,0,0,0],[0,1,0,0,0,0,0,0,0,0,0,0],[0,1,1,0,0,0,0,0,0,0,0,0],[0,1,1,1,0,0,0,0,0,0,0,0],[0,0,0,1,1,0,0,0,0,0,0,0],[0,0,0,1,1,1,1,0,0,0,0,0],[0,0,0,0,0,0,1,1,1,0,0,0],[0,0,0,0,0,0,0,1,1,0,0,0],[0,0,0,0,0,0,0,0,1,0,0,0],[0,0,0,0,0,0,0,0,1,1,1,0],[0,0,0,0,0,0,0,0,0,0,1,0],[0,0,0,0,0,0,0,0,0,0,1,1]]",1.8157166321598903,8.552331066299725,12.139318412396962,12.139318412396959,36,19,75,0.6542632693194939,0.0,23.12828587654785,85.94236108152934,44.69691297323909,2.4986962124912626,292.18747701018566,0.0,0.0,0.0,1.124797680287287,-18.597747968087415,1.9706145632747578,0.05112716728578577,0.2737646583156135,0,0,0,0
xxz_n12_s20272915,12,20272915,8,B08,"[[2,3],[10,11],[0,1],[9,8],[9,10],[6,5],[3,4],[7,6],[2,1],[8,7],[4,5]]","[[1,0,0,0,0,0,0,0,0,0,0,0],[1,1,1,0,0,0,0,0,0,0,0,0],[0,0,1,0,0,0,0,0,0,0,0,0],[0,0,1,1,0,0,0,0,0,0,0,0],[0,0,1,1,1,0,0,0,0,0,0,0],[0,0,1,1,1,1,1,0,0,0,0,0],[0,0,0,0,0,0,1,1,0,0,0,0],[0,0,0,0,0,0,0,1,1,1,0,0],[0,0,0,0,0,0,0,0,1,1,0,0],[0,0,0,0,0,0,0,0,0,1,0,0],[0,0,0,0,0,0,0,0,0,1,1,0],[0,0,0,0,0,0,0,0,0,0,1,1]]",0.9083168563532329,4.37117437995847,10.328319843719129,10.328319843719129,36,18,74,0.6653724629503175,0.0,3.5456492914237696,85.82348242112106,42.94942384244315,2.0946087455917493,643.776275208734,0.0,0.0,0.0,0.5722787178860287,-18.045229005686156,2.523133525676016,0.026012668994819486,0.8262836207168718,0,0,0,0
xxz_n12_s20272915,12,20272915,9,B09,"[[1,2],[8,7],[8,9],[7,6],[5,4],[3,2],[10,9],[10,11],[0,1],[5,6],[4,3]]","[[1,0,0,0,0,0,0,0,0,0,0,0],[1,1,0,0,0,0,0,0,0,0,0,0],[0,1,1,1,0,0,0,0,0,0,0,0],[0,0,0,1,1,1,0,0,0,0,0,0],[0,0,0,0,1,1,0,0,0,0,0,0],[0,0,0,0,0,1,0,0,0,0,0,0],[0,0,0,0,0,1,1,1,1,0,0,0],[0,0,0,0,0,0,0,1,1,0,0,0],[0,0,0,0,0,0,0,0,1,0,0,0],[0,0,0,0,0,0,0,0,1,1,1,0],[0,0,0,0,0,0,0,0,0,0,1,0],[0,0,0,0,0,0,0,0,0,0,1,1]]",1.448937152043452,6.436194054380057,10.222716273327162,10.222716273327162,36,20,76,0.7371767378268583,0.0,15.450400999163168,85.94236408522849,43.057405102502784,2.512375740240303,623.0218708632973,0.0,0.0,0.0,0.7363608297603932,-18.20931111756052,2.3590514138016516,0.0334709468072906,0.6622015088425073,0,0,0,0
xxz_n12_s20272915,12,20272915,10,B10,"[[3,2],[5,4],[1,2],[9,8],[9,10],[7,6],[5,6],[1,0],[3,4],[11,10],[8,7]]","[[1,1,0,0,0,0,0,0,0,0,0,0],[0,1,0,0,0,0,0,0,0,0,0,0],[0,1,1,1,0,0,0,0,0,0,0,0],[0,0,0,1,0,0,0,0,0,0,0,0],[0,0,0,1,1,1,0,0,0,0,0,0],[0,0,0,0,0,1,0,0,0,0,0,0],[0,0,0,0,0,1,1,1,0,0,0,0],[0,0,0,0,0,0,0,1,1,1,0,0],[0,0,0,0,0,0,0,0,1,1,0,0],[0,0,0,0,0,0,0,0,0,1,0,0],[0,0,0,0,0,0,0,0,0,1,1,1],[0,0,0,0,0,0,0,0,0,0,0,1]]",1.4202009308701267,4.8693898940312375,10.614554442567641,10.61455444256764,36,20,76,0.7881156629484378,0.0,12.078982196269056,76.3459865219503,41.46959842511781,2.3875681540777456,325.75302228048184,0.0,0.0,0.0,0.4644929095694863,-17.937443197369614,2.6309193339925585,0.021113314071340285,0.9340694290334142,1,0,0,0
xxz_n12_s20272915,12,20272915,11,B11,"[[5,4],[3,4],[9,8],[3,2],[5,6],[0,1],[11,10],[2,1],[8,7],[6,7],[9,10]]","[[1,0,0,0,0,0,0,0,0,0,0,0],[1,1,1,1,0,0,0,0,0,0,0,0],[0,0,1,1,0,0,0,0,0,0,0,0],[0,0,0,1,0,0,0,0,0,0,0,0],[0,0,0,1,1,1,0,0,0,0,0,0],[0,0,0,0,0,1,0,0,0,0,0,0],[0,0,0,0,0,1,1,0,0,0,0,0],[0,0,0,0,0,1,1,1,1,1,0,0],[0,0,0,0,0,0,0,0,1,1,0,0],[0,0,0,0,0,0,0,0,0,1,0,0],[0,0,0,0,0,0,0,0,0,1,1,1],[0,0,0,0,0,0,0,0,0,0,0,1]]",0.5491209591384083,2.594566145060142,7.453994000477857,7.453994000477859,36,17,73,0.7861114592675177,0.0,2.2695970665066727e-06,86.75273631656776,41.38475455024453,2.2166532273417685,399.0593808433206,0.0,0.0,0.0,0.466766296183561,-17.93971658398369,2.628645947378484,0.0212166498265255,0.9317960424193394,0,0,0,0
xxz_n12_s20272952,12,20272952,0,B00,"[[6,7],[2,1],[1,0],[8,9],[10,9],[5,4],[6,5],[3,4],[10,11],[3,2],[7,8]]","[[1,1,1,0,0,0,0,0,0,0,0,0],[0,1,1,0,0,0,0,0,0,0,0,0],[0,0,1,1,0,0,0,0,0,0,0,0],[0,0,0,1,0,0,0,0,0,0,0,0],[0,0,0,1,1,1,0,0,0,0,0,0],[0,0,0,0,0,1,1,0,0,0,0,0],[0,0,0,0,0,0,1,0,0,0,0,0],[0,0,0,0,0,0,1,1,0,0,0,0],[0,0,0,0,0,0,1,1,1,0,0,0],[0,0,0,0,0,0,0,0,1,1,1,0],[0,0,0,0,0,0,0,0,0,0,1,0],[0,0,0,0,0,0,0,0,0,0,1,1]]",1.1110612186410602,6.190562206874111,12.500049122844036,12.500049122844038,36,19,75,0.6921438404428937,0.0,5.751045487500594,87.31733408140546,44.20873895522659,2.2754333439167254,2982.1114453644077,0.0,0.0,0.0,0.8595319809616022,-18.33247974572989,2.235882785632281,0.039069635498254644,0.17643487184727746,0,0,0,0
xxz_n12_s20272952,12,20272952,1,B01,"[[1,0],[9,8],[7,6],[2,1],[8,7],[11,10],[2,3],[4,5],[6,5],[4,3],[10,9]]","[[1,1,0,0,0,0,0,0,0,0,0,0],[0,1,1,0,0,0,0,0,0,0,0,0],[0,0,1,0,0,0,0,0,0,0,0,0],[0,0,1,1,1,0,0,0,0,0,0,0],[0,0,0,0,1,0,0,0,0,0,0,0],[0,0,0,0,1,1,1,1,0,0,0,0],[0,0,0,0,0,0,1,1,0,0,0,0],[0,0,0,0,0,0,0,1,1,1,0,0],[0,0,0,0,0,0,0,0,1,1,0,0],[0,0,0,0,0,0,0,0,0,1,1,1],[0,0,0,0,0,0,0,0,0,0,1,1],[0,0,0,0,0,0,0,0,0,0,0,1]]",1.170258562816031,5.500325135098546,12.085452004760693,12.08545200476068,36,18,74,0.6954969111191626,0.0,7.934176379936411,79.110936838283,41.938985285101886,2.5961511872282945,147.56660664302933,0.0,0.0,0.0,0.5194322956721535,-17.992380060440443,2.57598247092173,0.023610558894188796,0.5165345571367261,0,0,0,0
xxz_n12_s20272952,12,20272952,2,B02,"[[2,3],[2,1],[8,7],[8,9],[4,5],[5,6],[4,3],[0,1],[10,9],[6,7],[11,10]]","[[1,0,0,0,0,0,0,0,0,0,0,0],[1,1,1,0,0,0,0,0,0,0,0,0],[0,0,1,0,0,0,0,0,0,0,0,0],[0,0,1,1,1,0,0,0,0,0,0,0],[0,0,0,0,1,0,0,0,0,0,0,0],[0,0,0,0,1,1,0,0,0,0,0,0],[0,0,0,0,1,1,1,0,0,0,0,0],[0,0,0,0,1,1,1,1,1,0,0,0],[0,0,0,0,0,0,0,0,1,0,0,0],[0,0,0,0,0,0,0,0,1,1,1,0],[0,0,0,0,0,0,0,0,0,0,1,1],[0,0,0,0,0,0,0,0,0,0,0,1]]",0.5843293504483573,3.4362923271893115,10.420552768357265,10.420552768357279,36,20,76,0.6488980851086613,0.0,18.4362411537157,89.41461768966265,39.24363673630184,2.2827555381488653,946.370770535188,0.0,0.0,0.0,0.9458432840455835,-18.418791048813873,2.1495714825483,0.04299287654752652,0.09012356876329619,0,0,0,0
xxz_n12_s20272952,12,20272952,3,B03,"[[3,4],[1,2],[9,10],[6,7],[6,5],[4,5],[2,3],[8,7],[1,0],[8,9],[10,11]]","[[1,1,0,0,0,0,0,0,0,0,0,0],[0,1,0,0,0,0,0,0,0,0,0,0],[0,1,1,0,0,0,0,0,0,0,0,0],[0,1,1,1,0,0,0,0,0,0,0,0],[0,0,0,1,1,0,0,0,0,0,0,0],[0,0,0,1,1,1,1,0,0,0,0,0],[0,0,0,0,0,0,1,0,0,0,0,0],[0,0,0,0,0,0,1,1,1,0,0,0],[0,0,0,0,0,0,0,0,1,0,0,0],[0,0,0,0,0,0,0,0,1,1,0,0],[0,0,0,0,0,0,0,0,0,1,1,0],[0,0,0,0,0,0,0,0,0,1,1,1]]",2.4043475877535725,7.70409841079353,11.682692343827373,11.682692343827368,36,19,75,0.648512949432849,0.0,12.343312492168412,79.37839419374285,44.03589478929175,2.3534810597566223,3437.660993550985,0.0,0.0,0.0,0.48402461311181355,-17.956972377880103,2.61139015348207,0.022001118777809706,0.5519422396970661,0,0,0,0
xxz_n12_s20272952,12,20272952,4,B04,"[[9,10],[0,1],[4,3],[6,7],[9,8],[3,2],[8,7],[4,5],[1,2],[11,10],[5,6]]","[[1,0,0,0,0,0,0,0,0,0,0,0],[1,1,0,0,0,0,0,0,0,0,0,0],[1,1,1,1,1,0,0,0,0,0,0,0],[0,0,0,1,1,0,0,0,0,0,0,0],[0,0,0,0,1,0,0,0,0,0,0,0],[0,0,0,0,1,1,0,0,0,0,0,0],[0,0,0,0,1,1,1,0,0,0,0,0],[0,0,0,0,0,0,1,1,1,1,0,0],[0,0,0,0,0,0,0,0,1,1,0,0],[0,0,0,0,0,0,0,0,0,1,0,0],[0,0,0,0,0,0,0,0,0,1,1,1],[0,0,0,0,0,0,0,0,0,0,0,1]]",0.8019772737586157,3.9285477629202075,9.00468873643261,9.004688736432604,36,17,73,0.6638414171530352,0.0,3.6222548091772e-06,88.41296779718871,43.61041318193681,2.0894219004464407,157.68983986963963,0.0,0.0,0.0,0.4589843752827356,-17.931932140051025,2.6364303913111478,0.020862926149215255,0.5769824775261441,0,0,0,0
xxz_n12_s20272952,12,20272952,5,B05,"[[3,2],[10,9],[8,9],[8,7],[6,7],[5,4],[1,2],[11,10],[6,5],[0,1],[4,3]]","[[1,0,0,0,0,0,0,0,0,0,0,0],[1,1,0,0,0,0,0,0,0,0,0,0],[0,1,1,1,0,0,0,0,0,0,0,0],[0,0,0,1,1,1,0,0,0,0,0,0],[0,0,0,0,1,1,0,0,0,0,0,0],[0,0,0,0,0,1,1,0,0,0,0,0],[0,0,0,0,0,0,1,0,0,0,0,0],[0,0,0,0,0,0,1,1,1,0,0,0],[0,0,0,0,0,0,0,0,1,0,0,0],[0,0,0,0,0,0,0,0,1,1,1,0],[0,0,0,0,0,0,0,0,0,0,1,1],[0,0,0,0,0,0,0,0,0,0,0,1]]",1.704638103441945,5.92082519034204,10.97372523526686,10.973725235266846,36,21,77,0.6919903235554715,0.0,21.371280483029825,79.30005420900113,44.91899764965759,2.4924699636602856,918.890009581606,0.0,0.0,0.0,0.728264536868803,-18.201212301637092,2.3671502297250804,0.0331029334940365,0.3077023159400767,0,0,0,0
xxz_n12_s20272952,12,20272952,6,B06,"[[1,0],[7,6],[7,8],[8,9],[3,2],[2,1],[3,4],[6,5],[10,11],[5,4],[9,10]]","[[1,1,0,0,0,0,0,0,0,0,0,0],[0,1,1,1,0,0,0,0,0,0,0,0],[0,0,1,1,0,0,0,0,0,0,0,0],[0,0,0,1,0,0,0,0,0,0,0,0],[0,0,0,1,1,1,1,1,0,0,0,0],[0,0,0,0,0,1,1,1,0,0,0,0],[0,0,0,0,0,0,1,1,0,0,0,0],[0,0,0,0,0,0,0,1,0,0,0,0],[0,0,0,0,0,0,0,1,1,0,0,0],[0,0,0,0,0,0,0,1,1,1,0,0],[0,0,0,0,0,0,0,1,1,1,1,0],[0,0,0,0,0,0,0,0,0,0,1,1]]",0.8623531844943044,3.8816796523717776,9.797409657583362,9.797409657583357,36,19,75,0.7526303283898035,0.0,10.736780918047446,86.25454593848596,41.384821800710114,2.2704263901261363,269.81603412734887,0.0,0.0,0.0,0.4884406884583079,-17.961388453226597,2.6069740781355755,0.022201849475377632,0.5475261643505718,1,0,0,0
xxz_n12_s20272952,12,20272952,7,B07,"[[4,3],[9,10],[2,3],[1,0],[6,7],[8,7],[8,9],[10,11],[5,6],[2,1],[5,4]]","[[1,1,0,0,0,0,0,0,0,0,0,0],[0,1,1,0,0,0,0,0,0,0,0,0],[0,0,1,0,0,0,0,0,0,0,0,0],[0,0,1,1,1,0,0,0,0,0,0,0],[0,0,0,0,1,1,0,0,0,0,0,0],[0,0,0,0,0,1,0,0,0,0,0,0],[0,0,0,0,0,1,1,0,0,0,0,0],[0,0,0,0,0,0,1,1,1,0,0,0],[0,0,0,0,0,0,0,0,1,0,0,0],[0,0,0,0,0,0,0,0,1,1,0,0],[0,0,0,0,0,0,0,0,0,1,1,0],[0,0,0,0,0,0,0,0,0,1,1,1]]",1.7446176753265168,6.873488452804907,10.770560416310442,10.770560416310428,36,17,73,0.6994686101014073,0.0,2.69648388963247e-06,83.58092631360272,42.72774102639342,2.358755610214765,3518.163199275944,0.0,0.0,0.0,0.42419867370489683,-17.897146438473186,2.6712160928889865,0.01928175789567713,0.6117681791039828,0,0,0,0
xxz_n12_s20272952,12,20272952,8,B08,"[[8,7],[11,10],[0,1],[9,10],[9,8],[6,7],[3,2],[1,2],[3,4],[4,5],[5,6]]","[[1,0,0,0,0,0,0,0,0,0,0,0],[1,1,0,0,0,0,0,0,0,0,0,0],[1,1,1,1,0,0,0,0,0,0,0,0],[0,0,0,1,0,0,0,0,0,0,0,0],[0,0,0,1,1,0,0,0,0,0,0,0],[0,0,0,1,1,1,0,0,0,0,0,0],[0,0,0,1,1,1,1,0,0,0,0,0],[0,0,0,0,0,0,1,1,1,0,0,0],[0,0,0,0,0,0,0,0,1,1,0,0],[0,0,0,0,0,0,0,0,0,1,0,0],[0,0,0,0,0,0,0,0,0,1,1,1],[0,0,0,0,0,0,0,0,0,0,0,1]]",0.5583925525575095,2.9882333876444362,9.469176723304455,9.46917672330445,36,18,74,0.7029912115154074,0.0,5.162818310646461,88.69912177480919,41.01665755262731,2.098904865275838,730.7544000787966,0.0,0.0,0.0,0.42899724206150225,-17.90194500682979,2.666417524532381,0.019499874639159195,0.6069696107473774,0,0,0,0
xxz_n12_s20272952,12,20272952,9,B09,"[[4,3],[2,1],[9,10],[5,6],[10,11],[3,2],[7,6],[1,0],[8,9],[8,7],[5,4]]","[[1,1,1,0,0,0,0,0,0,0,0,0],[0,1,1,0,0,0,0,0,0,0,0,0],[0,0,1,1,1,0,0,0,0,0,0,0],[0,0,0,1,1,0,0,0,0,0,0,0],[0,0,0,0,1,1,0,0,0,0,0,0],[0,0,0,0,0,1,0,0,0,0,0,0],[0,0,0,0,0,1,1,1,0,0,0,0],[0,0,0,0,0,0,0,1,1,0,0,0],[0,0,0,0,0,0,0,0,1,0,0,0],[0,0,0,0,0,0,0,0,1,1,0,0],[0,0,0,0,0,0,0,0,0,1,1,0],[0,0,0,0,0,0,0,0,0,1,1,1]]",5.022830237447399,14.390419484450549,19.938062598467187,19.938062598467134,36,19,75,0.720434218730014,0.0,7.477014470438042,88.29543687292559,42.62774870244629,1.9645497714369822,3637.714094618244,0.0,0.0,0.0,1.0359668528088797,-18.50891461757717,2.0594479137850037,0.04708940240040362,0.0,0,1,1,1
xxz_n12_s20272952,12,20272952,10,B10,"[[8,7],[7,6],[5,4],[8,9],[0,1],[2,1],[6,5],[2,3],[10,11],[4,3],[10,9]]","[[1,0,0,0,0,0,0,0,0,0,0,0],[1,1,1,0,0,0,0,0,0,0,0,0],[0,0,1,0,0,0,0,0,0,0,0,0],[0,0,1,1,1,1,0,0,0,0,0,0],[0,0,0,0,1,1,0,0,0,0,0,0],[0,0,0,0,0,1,1,1,1,0,0,0],[0,0,0,0,0,0,1,1,1,0,0,0],[0,0,0,0,0,0,0,1,1,0,0,0],[0,0,0,0,0,0,0,0,1,0,0,0],[0,0,0,0,0,0,0,0,1,1,1,0],[0,0,0,0,0,0,0,0,0,0,1,0],[0,0,0,0,0,0,0,0,0,0,1,1]]",0.6289306560160901,3.720161459742943,10.394805784467355,10.39480578446735,36,19,75,0.6595198544514845,0.0,15.342016080686554,87.01745500017188,44.43461777780783,2.4490983755811064,121.8596195278852,0.0,0.0,0.0,0.9448454363440177,-18.417793201112307,2.1505693302498656,0.04294751983381899,0.09112141646486194,0,0,0,0
xxz_n12_s20272952,12,20272952,11,B11,"[[9,10],[10,11],[2,1],[9,8],[1,0],[7,6],[2,3],[5,6],[5,4],[7,8],[3,4]]","[[1,1,1,0,0,0,0,0,0,0,0,0],[0,1,1,0,0,0,0,0,0,0,0,0],[0,0,1,0,0,0,0,0,0,0,0,0],[0,0,1,1,0,0,0,0,0,0,0,0],[0,0,1,1,1,1,0,0,0,0,0,0],[0,0,0,0,0,1,0,0,0,0,0,0],[0,0,0,0,0,1,1,1,0,0,0,0],[0,0,0,0,0,0,0,1,0,0,0,0],[0,0,0,0,0,0,0,1,1,1,0,0],[0,0,0,0,0,0,0,0,0,1,0,0],[0,0,0,0,0,0,0,0,0,1,1,0],[0,0,0,0,0,0,0,0,0,1,1,1]]",1.7873002910271505,6.409966844240786,12.426971204266854,12.426971204266861,36,21,77,0.7822599396168983,0.0,10.224283439039802,69.71662432910304,44.84721515747294,2.5109487504274326,3432.984668552924,0.0,0.0,0.0,0.7182080944438205,-18.19115585921211,2.377206672150063,0.032645822474719116,0.3177587583650592,0,0,0,0
