instance,seed,n,t,candidate_index,candidate_name,selected_by,diagnostic_pair_member,sequence,matrix,osr_score,pauli_score,full_projected_score,delta_B,old_rank,candidate_rank,union_rank,novel_dimension,intersection_dimension,overlap_fraction,principal_angle_min_deg,principal_angle_median_deg,principal_angle_max_deg,principal_angle_obliqueness_deg,projector_commutator_fro,gram_condition_number,same_state_error,same_energy_error,same_old_gradient_error,same_ambient_error,initial_energy,final_energy,final_energy_error,gain_per_added_cnot_50,energy_after_1,gain_after_1,energy_after_5,gain_after_5,energy_after_20,gain_after_20,energy_after_50,gain_after_50
tfim_n4_t2_s20264723,20264723,4,2,0,identity,identity,0,"[[0,1],[0,1],[0,1],[0,1]]","[[1,0,0,0],[0,1,0,0],[0,0,1,0],[0,0,0,1]]",0.0,3.1652355065606556e-27,3.511173692481536e-27,0.0,12,8,12,0,8,0.9999999999999997,0.0,8.537736462515939e-07,1.9090959104164224e-06,1.9090959104164224e-06,7.300048299977712e-08,3.8559569751013187,0.0,0.0,0.0,0.0,-4.532952096412178,-4.532881915470284,0.2258885676733442,-8.772617736685362e-06,-4.532952096412128,-4.973799150320701e-14,-4.521520935785281,-0.011431160626896641,-4.531570787390909,-0.0013813090212684287,-4.532881915470284,-7.01809418934829e-05
tfim_n4_t2_s20264723,20264723,4,2,1,B01,,0,"[[2,0],[3,0],[0,1],[0,3]]","[[1,0,1,1],[1,1,1,1],[0,0,1,0],[1,0,1,0]]",6.0,0.11093455319255387,0.1109345531925538,0.1109345531925538,12,8,18,6,2,0.24999999999999994,0.0,89.99999999999997,89.99999999999999,1.2074182697257333e-06,2.980232238769533e-08,4.23087277732572,0.0,0.0,0.0,0.0,-4.532952096412178,-4.749192177728753,0.009578305414875032,0.02703001016457196,-4.533678147632362,0.0007260512201847646,-4.529772562063571,-0.0031795343486065164,-4.582616408700793,0.04966431228861534,-4.749192177728753,0.21624008131657568
tfim_n4_t2_s20264723,20264723,4,2,2,B02,,0,"[[1,3],[2,0],[1,2],[2,1]]","[[1,0,1,0],[0,0,1,0],[0,1,1,0],[0,1,0,1]]",4.0,0.04303281144237855,0.04303281144237839,0.04303281144237839,12,8,16,4,4,0.49999999999999983,0.0,45.00000095454794,90.0,1.9090959104164224e-06,5.161913655903568e-08,4.594466873400586,0.0,0.0,0.0,0.0,-4.532952096412178,-4.672718807978772,0.08605167516485679,0.01747083894582424,-4.534599169659413,0.0016470732472351202,-4.5222376298562,-0.010714466555977964,-4.546723929239984,0.01377183282780603,-4.672718807978772,0.13976671156659393
tfim_n4_t2_s20264723,20264723,4,2,3,B03,,0,"[[3,0],[1,2],[2,1],[2,3]]","[[1,0,0,1],[0,0,1,0],[0,1,1,0],[0,1,1,1]]",6.0,1.1900074980935136,1.1900074980935142,1.1900074980935142,12,8,18,6,2,0.25,0.0,89.99999999999997,90.0,4.263256414560601e-14,1.4726988340414412e-15,4.594466873400598,0.0,0.0,0.0,0.0,-4.532952096412178,-4.7578192640874635,0.0009512190561649092,0.028108395959410726,-4.545598369985202,0.012646273573023947,-4.583427431186364,0.05047533477418664,-4.72284773227423,0.18989563586205271,-4.7578192640874635,0.2248671676752858
tfim_n4_t2_s20264723,20264723,4,2,4,B04,,0,"[[1,3],[0,3],[1,0],[0,1]]","[[1,1,0,0],[1,0,0,0],[0,0,1,0],[1,1,0,1]]",4.0,0.024611042093477677,0.024611042093477586,0.024611042093477586,12,8,14,2,6,0.7499999999999999,0.0,1.0305959579886636e-06,89.99999999999999,1.4787793334710982e-06,5.161913655903569e-08,4.807244014752012,0.0,0.0,0.0,0.0,-4.532952096412178,-4.677039793488673,0.08173068965495567,0.01801096213456188,-4.533805172769371,0.0008530763571936717,-4.525392396229746,-0.007559700182431683,-4.537535176440232,0.004583080028054631,-4.677039793488673,0.14408769707649505
tfim_n4_t2_s20264723,20264723,4,2,5,B05,,0,"[[2,3],[3,2],[3,2],[2,1]]","[[1,0,0,0],[0,1,1,0],[0,0,1,0],[0,0,1,1]]",2.0,0.0004088001278199056,0.00040880012781991824,0.00040880012781991824,12,8,14,2,6,0.7499999999999996,0.0,1.4787793334710982e-06,89.99999999999999,2.091309789151873e-06,8.161702118890969e-08,4.722606223375967,0.0,0.0,0.0,0.0,-4.532952096412178,-4.532820021970917,0.22595046117271167,-1.650930515761928e-05,-4.531779105132326,-0.0011729912798514874,-4.509834234593957,-0.023117861818220398,-4.529421738135124,-0.0035303582770538355,-4.532820021970917,-0.00013207444126095425
tfim_n4_t2_s20264723,20264723,4,2,6,B06,,0,"[[0,1],[3,2],[3,2],[2,0]]","[[1,0,1,0],[1,1,0,0],[0,0,1,0],[0,0,0,1]]",3.0,0.1103704140772143,0.11037041407721446,0.11037041407721446,12,8,14,2,6,0.7499999999999996,0.0,1.808321601459805e-06,90.0,2.091309789151873e-06,8.161702118890969e-08,4.258088289955454,0.0,0.0,0.0,0.0,-4.532952096412178,-4.682938355834236,0.07583212730939248,0.01874828242775728,-4.5358316833555925,0.002879586943414836,-4.5291271887573235,-0.003824907654854215,-4.550785143390194,0.017833046978016576,-4.682938355834236,0.14998625942205823
tfim_n4_t2_s20264723,20264723,4,2,7,B07,,0,"[[3,0],[3,0],[3,2],[2,1]]","[[1,0,0,0],[0,1,1,1],[0,0,1,1],[0,0,0,1]]",2.0,0.0024492457009831787,0.002449245700983172,0.002449245700983172,12,8,14,2,6,0.7499999999999997,0.0,7.393896667355491e-07,89.99999999999999,2.4148365394514667e-06,6.989264130329231e-08,4.722606223375966,0.0,0.0,0.0,0.0,-4.532952096412178,-4.5330641999344605,0.22570628320916786,1.4012940285357267e-05,-4.531656056441049,-0.001296039971128593,-4.515380558816587,-0.017571537595590492,-4.531860308560504,-0.0010917878516734092,-4.5330641999344605,0.00011210352228285814
tfim_n4_t2_s20264723,20264723,4,2,8,B08,,1,"[[2,1],[0,2],[2,3],[2,1]]","[[1,0,0,0],[1,1,0,0],[1,0,1,0],[1,0,1,1]]",3.0,0.11037041407721435,0.11037041407721468,0.11037041407721468,12,8,14,2,6,0.7499999999999998,0.0,7.393896667355491e-07,89.99999999999997,1.4787793334710982e-06,5.161913655903569e-08,4.2346140096906115,0.0,0.0,0.0,0.0,-4.532952096412178,-4.703928530443785,0.054841952699843155,0.021372054253950945,-4.535831683080323,0.002879586668145251,-4.5295893875863085,-0.0033627088258691984,-4.55006790543232,0.01711580902014198,-4.703928530443785,0.17097643403160756
tfim_n4_t2_s20264723,20264723,4,2,9,B09,,0,"[[3,0],[1,3],[2,3],[2,1]]","[[1,0,0,1],[0,1,1,0],[0,0,1,0],[0,1,1,1]]",6.0,1.1900074980935136,1.1900074980935142,1.1900074980935142,12,8,18,6,2,0.24999999999999994,0.0,89.99999999999997,90.0,1.2074182697257333e-06,2.980232238769534e-08,4.594466873400592,0.0,0.0,0.0,0.0,-4.532952096412178,-4.7578192640874795,0.000951219056148922,0.028108395959412724,-4.545598369985203,0.012646273573025724,-4.583427431186355,0.05047533477417776,-4.722847732274335,0.18989563586215752,-4.7578192640874795,0.2248671676753018
tfim_n4_t2_s20264723,20264723,4,2,10,B10,,0,"[[1,0],[0,3],[2,3],[3,0]]","[[0,0,1,1],[0,1,0,0],[0,0,1,0],[1,1,1,1]]",6.0,0.07851030933052448,0.07851030933052448,0.07851030933052448,12,8,14,2,6,0.7499999999999999,0.0,6.037091348628667e-07,90.0,1.4787793334710982e-06,4.712160915387241e-08,4.632725762516082,0.0,0.0,0.0,0.0,-4.532952096412178,-4.754651057904658,0.004119425238970464,0.02771237018656003,-4.534495045609553,0.0015429491973755205,-4.5224160048738735,-0.010536091538304149,-4.550836100441867,0.017884004029689038,-4.754651057904658,0.22169896149248025
tfim_n4_t2_s20264723,20264723,4,2,11,B11,,1,"[[1,0],[0,1],[0,1],[1,2]]","[[1,1,0,0],[0,1,0,0],[0,1,1,0],[0,0,0,1]]",2.0,0.11037041407721435,0.11037041407721439,0.11037041407721439,12,8,14,2,6,0.7499999999999994,0.0,1.6939376219437603e-06,89.99999999999999,2.4148365394514667e-06,9.185692672385236e-08,4.807244014752012,0.0,0.0,0.0,0.0,-4.532952096412178,-4.6531829416775485,0.10558754146607985,0.015028855658171358,-4.535831683629539,0.002879587217361035,-4.5244984688106,-0.008453627601578084,-4.546218125169962,0.013266028757784376,-4.6531829416775485,0.12023084526537087
tfim_n4_t2_s20264723,20264723,4,2,12,B12,osr_only,0,"[[1,3],[1,2],[0,3],[3,0]]","[[0,1,0,1],[0,1,0,0],[0,1,1,0],[1,1,0,1]]",7.0,0.07891910945834435,0.07891910945834432,0.07891910945834432,12,8,16,4,4,0.4999999999999999,0.0,45.000000739389655,89.99999999999999,1.4787793334710982e-06,3.6500241499888574e-08,4.723702273614219,0.0,0.0,0.0,0.0,-4.532952096412178,-4.683182366342159,0.0755881168014696,0.01877878374124764,-4.533106147763372,0.00015405135119461733,-4.5245548470573596,-0.008397249354818115,-4.541673396039071,0.008721299626893497,-4.683182366342159,0.15023026992998112
tfim_n4_t2_s20264723,20264723,4,2,13,B13,oracle,0,"[[1,0],[2,3],[1,3],[3,0]]","[[1,0,1,1],[0,1,0,0],[0,0,1,0],[0,1,1,1]]",5.0,1.18755825239253,1.1875582523925305,1.1875582523925305,12,8,16,4,4,0.5,0.0,44.999999999999986,90.0,2.842170943040401e-14,9.79791046910864e-16,4.594466873400598,0.0,0.0,0.0,0.0,-4.532952096412178,-4.7581895520253905,0.0005809311182378707,0.028154681951651606,-4.546852442423662,0.013900346011483933,-4.585193207252482,0.05224111084030447,-4.7265816562339955,0.19362955982181784,-4.7581895520253905,0.22523745561321284
tfim_n4_t2_s20264723,20264723,4,2,14,B14,,0,"[[2,0],[1,0],[0,1],[1,3]]","[[1,1,1,0],[1,0,1,0],[0,0,1,0],[1,0,1,1]]",5.0,1.1168611448305574,1.1168611448305579,1.1168611448305579,12,8,16,4,4,0.49999999999999983,0.0,45.000001045654884,89.99999999999999,2.091309789151873e-06,5.161913655903567e-08,4.230872777325716,0.0,0.0,0.0,0.0,-4.532952096412178,-4.757912917061048,0.0008575660825806963,0.028120102581108752,-4.5435649908568525,0.010612894444674836,-4.586924500663018,0.05397240425084071,-4.736427553305431,0.20347545689325308,-4.757912917061048,0.22496082064887002
tfim_n4_t2_s20264723,20264723,4,2,15,B15,pauli_only;projection,0,"[[0,2],[0,1],[3,0],[3,2]]","[[1,0,0,1],[1,1,0,0],[1,0,1,1],[0,0,0,1]]",5.0,1.2194183571392205,1.219418357139221,1.219418357139221,12,8,16,4,4,0.5,0.0,45.00000042688681,89.99999999999999,8.537736462515939e-07,2.107342425544704e-08,4.723702273614217,0.0,0.0,0.0,0.0,-4.532952096412178,-4.758122654606006,0.0006478285376223525,0.028146319774228545,-4.5479638573945405,0.015011760982362787,-4.5902819386407465,0.05732984222856885,-4.732372685095425,0.19942058868324697,-4.758122654606006,0.22517055819382836
tfim_n4_t2_s20264723,20264723,4,2,16,B16,,0,"[[2,1],[3,2],[3,2],[2,0]]","[[1,0,1,0],[0,1,1,0],[0,0,1,0],[0,0,0,1]]",2.0,0.11037041407721428,0.11037041407721442,0.11037041407721442,12,8,14,2,6,0.7499999999999998,0.0,6.037091348628667e-07,89.99999999999999,1.9090959104164224e-06,5.5755039852469265e-08,4.722606223375969,0.0,0.0,0.0,0.0,-4.532952096412178,-4.6713161654549245,0.08745431768870393,0.017295508630343348,-4.535831683263847,0.0028795868516695577,-4.529001761224976,-0.003950335187201226,-4.549817841090655,0.016865744678477235,-4.6713161654549245,0.13836406904274678
tfim_n4_t2_s20264760,20264760,4,2,0,identity,identity,0,"[[0,1],[0,1],[0,1],[0,1]]","[[1,0,0,0],[0,1,0,0],[0,0,1,0],[0,0,0,1]]",0.0,4.28740228855634e-27,5.2052485056827446e-27,2.3989944318176519e-29,12,8,12,0,8,1.0,0.0,0.0,0.0,0.0,0.0,3.307193051441492,0.0,0.0,0.0,0.0,-4.532952096412184,-4.532920463196398,0.22585001994724063,-3.954151973184494e-06,-4.532952096412116,-6.750155989720952e-14,-4.521160201954118,-0.0117918944580655,-4.531195673823985,-0.0017564225881985251,-4.532920463196398,-3.1633215785475954e-05
tfim_n4_t2_s20264760,20264760,4,2,1,B01,,0,"[[2,1],[2,3],[3,1],[2,3]]","[[1,0,0,0],[0,1,0,1],[0,0,1,0],[0,0,0,1]]",2.0,0.05108960007461772,0.05108960007461772,0.05108960007461772,12,8,14,2,6,0.75,0.0,0.0,89.99999999999999,2.842170943040401e-14,5.66957402670824e-16,4.510286556269636,0.0,0.0,0.0,0.0,-4.532952096412184,-4.7547915532668785,0.0039789298767605175,0.02772993210683683,-4.534837345492454,0.0018852490802698796,-4.518197467470046,-0.014754628942138304,-4.5503694402018455,0.017417343789661643,-4.7547915532668785,0.22183945685469464
tfim_n4_t2_s20264760,20264760,4,2,2,B02,,0,"[[2,3],[2,1],[2,3],[0,2]]","[[1,0,0,0],[0,1,1,0],[1,0,1,0],[0,0,0,1]]",3.0,0.027442311012515607,0.02744231101251557,0.02744231101251557,12,8,16,4,4,0.49999999999999994,0.0,45.00000060370912,90.0,1.2074182697257333e-06,2.980232238769532e-08,4.069106887268802,0.0,0.0,0.0,0.0,-4.532952096412184,-4.642284894758263,0.11648558838537593,0.013666599793259904,-4.531513276035469,-0.0014388203767152774,-4.524309051476203,-0.008643044935980448,-4.541356840468518,0.008404744056334401,-4.642284894758263,0.10933279834607923
tfim_n4_t2_s20264760,20264760,4,2,3,B03,,0,"[[0,1],[2,1],[2,0],[2,3]]","[[1,0,1,0],[1,1,1,0],[0,0,1,0],[0,0,1,1]]",4.0,4.648237532525721e-05,4.648237532525829e-05,4.648237532525829e-05,12,8,14,2,6,0.7499999999999999,0.0,1.0305959579886636e-06,89.99999999999999,1.2074182697257333e-06,4.7121609153872417e-08,4.069106887268804,0.0,0.0,0.0,0.0,-4.532952096412184,-4.532880663151172,0.22588981999246727,-8.929157626513806e-06,-4.530958971237168,-0.0019931251750158197,-4.516915489739235,-0.016036606672948928,-4.531293499273714,-0.0016585971384701637,-4.532880663151172,-7.143326101211045e-05
tfim_n4_t2_s20264760,20264760,4,2,4,B04,,0,"[[2,0],[0,1],[2,1],[2,3]]","[[1,0,1,0],[1,1,0,0],[0,0,1,0],[0,0,1,1]]",4.0,0.02543392295266257,0.025433922952662606,0.025433922952662606,12,8,14,2,6,0.75,0.0,0.0,90.0,1.2074182697257333e-06,2.9802322387695306e-08,4.069106887268807,0.0,0.0,0.0,0.0,-4.532952096412184,-4.740077907869002,0.018692575274637413,0.025890726432102218,-4.534109521603706,0.0011574251915220657,-4.524755329264884,-0.008196767147300221,-4.539713797361434,0.0067617009492497715,-4.740077907869002,0.20712581145681774
tfim_n4_t2_s20264760,20264760,4,2,5,B05,,0,"[[0,1],[1,0],[1,2],[3,2]]","[[0,1,0,0],[1,1,0,0],[1,1,1,1],[0,0,0,1]]",4.0,4.817676355832194e-05,4.817676355832455e-05,4.817676355832455e-05,12,8,14,2,6,0.75,0.0,0.0,90.0,8.537736462515939e-07,2.1073424255447017e-08,4.564443853726466,0.0,0.0,0.0,0.0,-4.532952096412184,-4.5328971495957076,0.2258733335479315,-6.868352059541394e-06,-4.530283109298674,-0.0026689871135099352,-4.518792449038051,-0.014159647374133222,-4.531528809206764,-0.0014232872054202872,-4.5328971495957076,-5.494681647633115e-05
tfim_n4_t2_s20264760,20264760,4,2,6,B06,,0,"[[0,1],[2,1],[3,0],[0,2]]","[[1,0,0,1],[1,1,1,0],[1,0,1,1],[0,0,0,1]]",6.0,1.24668618076315,1.2466861807631489,1.2466861807631489,12,8,18,6,2,0.25,0.0,89.99999999999997,90.0,4.263256414560601e-14,1.3195425810834516e-15,3.972165159294314,0.0,0.0,0.0,0.0,-4.532952096412184,-4.7575537890113,0.0012166941323386027,0.02807521157488957,-4.542911776120995,0.009959679708811287,-4.603265238829195,0.07031314241701114,-4.732850342289291,0.19989824587710725,-4.7575537890113,0.22460169259911655
tfim_n4_t2_s20264760,20264760,4,2,7,B07,osr_only;pauli_only;projection;oracle,0,"[[3,1],[2,0],[0,3],[2,1]]","[[1,0,1,0],[0,1,1,1],[0,0,1,0],[1,0,1,1]]",7.0,1.323007387570684,1.3230073875706856,1.3230073875706856,12,8,18,6,2,0.25,0.0,89.99999999999997,90.0,4.263256414560601e-14,1.278345003498502e-15,3.9721651592943292,0.0,0.0,0.0,0.0,-4.532952096412184,-4.75801382880965,0.0007566543339887488,0.0281327165496833,-4.549591873521418,0.016639777109234366,-4.614842101484111,0.08189000507192734,-4.740816664994759,0.20786456858257552,-4.75801382880965,0.2250617323974664
tfim_n4_t2_s20264760,20264760,4,2,8,B08,,1,"[[0,3],[0,1],[1,0],[1,3]]","[[0,1,0,0],[1,1,0,0],[0,0,1,0],[0,1,0,1]]",4.0,1.2455567402415728,1.2455567402415713,1.2455567402415713,12,8,14,2,6,0.7499999999999999,0.0,4.2688682312579694e-07,89.99999999999999,1.4787793334710982e-06,4.214684851089403e-08,4.596430386221853,0.0,0.0,0.0,0.0,-4.532952096412184,-4.757945935166071,0.0008245479775679243,0.028124229844235904,-4.547340570363153,0.014388473950969427,-4.595178171678625,0.06222607526644097,-4.739257921689306,0.2063058252771217,-4.757945935166071,0.22499383875388723
tfim_n4_t2_s20264760,20264760,4,2,9,B09,,0,"[[1,2],[0,1],[1,3],[0,2]]","[[1,0,0,0],[1,1,0,0],[1,1,1,0],[1,1,0,1]]",3.0,0.0010432354544748954,0.0010432354544748865,0.0010432354544748865,12,8,14,2,6,0.7499999999999999,0.0,4.2688682312579694e-07,89.99999999999999,1.2074182697257333e-06,3.6500241499888574e-08,4.596430386221846,0.0,0.0,0.0,0.0,-4.532952096412184,-4.533039759886184,0.22573072325745525,1.095793424998881e-05,-4.531938764761137,-0.0010133316510465562,-4.521559032064231,-0.01139306434795273,-4.531517696284953,-0.0014344001272306173,-4.533039759886184,8.766347399991048e-05
tfim_n4_t2_s20264760,20264760,4,2,10,B10,,0,"[[3,2],[0,2],[2,1],[0,3]]","[[1,0,0,0],[1,1,1,1],[1,0,1,1],[1,0,0,1]]",5.0,0.003357610823966539,0.0033576108239665465,0.0033576108239665465,12,8,16,4,4,0.5,0.0,44.999999999999986,90.0,2.842170943040401e-14,9.502834833402026e-16,3.9721651592943195,0.0,0.0,0.0,0.0,-4.532952096412184,-4.536760712138629,0.22200977100500996,0.0004760769658056496,-4.529994795643835,-0.0029573007683492136,-4.517810958404947,-0.015141138007236599,-4.531683264135814,-0.001268832276370091,-4.536760712138629,0.003808615726445197
tfim_n4_t2_s20264760,20264760,4,2,11,B11,,0,"[[2,1],[3,2],[1,0],[3,2]]","[[1,1,1,0],[0,1,1,0],[0,0,1,0],[0,0,0,1]]",2.0,0.001081263758019616,0.0010812637580195996,0.0010812637580195996,12,8,14,2,6,0.75,0.0,0.0,89.99999999999999,8.537736462515939e-07,2.1073424255447034e-08,4.256639107835011,0.0,0.0,0.0,0.0,-4.532952096412184,-4.5329652890878265,0.22580519405581256,1.649084455324079e-06,-4.531304581276545,-0.0016475151356392104,-4.520010261547148,-0.012941834865036306,-4.531550432808006,-0.0014016636041782604,-4.5329652890878265,1.3192675642592633e-05
tfim_n4_t2_s20264760,20264760,4,2,12,B12,,0,"[[3,1],[1,3],[3,0],[3,0]]","[[1,0,0,0],[0,1,0,1],[0,0,1,0],[0,1,0,0]]",4.0,0.0510896000746178,0.05108960007461772,0.05108960007461772,12,8,14,2,6,0.7499999999999999,0.0,0.0,90.0,1.4787793334710982e-06,3.650024149988857e-08,4.59643038622185,0.0,0.0,0.0,0.0,-4.532952096412184,-4.75417603006894,0.0045944530746986345,0.027652991707094565,-4.534837345450024,0.0018852490378398201,-4.516813652109419,-0.01613844430276501,-4.548915961922419,0.01596386551023521,-4.75417603006894,0.22122393365675652
tfim_n4_t2_s20264760,20264760,4,2,13,B13,,0,"[[3,1],[2,1],[1,0],[2,1]]","[[1,1,1,1],[0,1,0,1],[0,0,1,0],[0,0,0,1]]",4.0,0.05113777683817609,0.05113777683817615,0.05113777683817615,12,8,16,4,4,0.5,0.0,44.999999999999986,89.99999999999999,2.842170943040401e-14,7.734132767205459e-16,4.256639107835013,0.0,0.0,0.0,0.0,-4.532952096412184,-4.754729097633343,0.0040413855102956475,0.02772212515264494,-4.532013853465975,-0.0009382429462085895,-4.525937565753073,-0.007014530659111173,-4.550007752287041,0.01705565587485669,-4.754729097633343,0.2217770012211595
tfim_n4_t2_s20264760,20264760,4,2,14,B14,,0,"[[1,3],[3,2],[1,2],[3,0]]","[[1,1,0,1],[0,1,0,0],[0,0,1,1],[0,1,0,1]]",5.0,0.0010897178298001355,0.0010897178298001603,0.0010897178298001603,12,8,16,4,4,0.5,0.0,44.999999999999986,90.0,2.842170943040401e-14,9.314220346719972e-16,4.510286556269626,0.0,0.0,0.0,0.0,-4.532952096412184,-4.5329787646416,0.22579171850203927,3.333528676985331e-06,-4.530086605290213,-0.0028654911219705426,-4.518597727074056,-0.014354369338128059,-4.531918337378806,-0.00103375903337799,-4.5329787646416,2.666822941588265e-05
tfim_n4_t2_s20264760,20264760,4,2,15,B15,,1,"[[0,1],[3,2],[2,3],[0,2]]","[[1,0,0,0],[1,1,0,0],[1,0,1,1],[0,0,1,0]]",4.0,1.2455567402415728,1.2455567402415733,1.2455567402415733,12,8,14,2,6,0.75,0.0,0.0,90.0,2.842170943040401e-14,7.904758941688108e-16,4.123817497688694,0.0,0.0,0.0,0.0,-4.532952096412184,-4.757712865610292,0.0010576175333474325,0.028095096149763465,-4.547340570225725,0.014388473813540692,-4.60154268134241,0.0685905849302264,-4.734648840245406,0.20169674383322178,-4.757712865610292,0.22476076919810772
tfim_n4_t2_s20264760,20264760,4,2,16,B16,,0,"[[1,2],[1,3],[0,3],[2,3]]","[[1,0,0,0],[0,1,0,0],[0,1,1,0],[1,0,1,1]]",4.0,0.0033195825204218182,0.003319582520421815,0.003319582520421815,12,8,16,4,4,0.4999999999999999,0.0,45.000000739389655,90.0,1.4787793334710982e-06,4.214684851089403e-08,4.123817497688685,0.0,0.0,0.0,0.0,-4.532952096412184,-4.536110205490256,0.22266027765338325,0.0003947636347589878,-4.530839510715283,-0.0021125856969010925,-4.518689797820455,-0.014262298591728673,-4.531569748591299,-0.001382347820884533,-4.536110205490256,0.0031581090780719023
tfim_n4_t2_s20264797,20264797,4,2,0,identity,identity,0,"[[0,1],[0,1],[0,1],[0,1]]","[[1,0,0,0],[0,1,0,0],[0,0,1,0],[0,0,0,1]]",0.0,5.164658217152886e-27,5.544235590886589e-27,0.0,12,8,12,0,8,0.9999999999999998,0.0,4.2688682312579694e-07,1.7075472925031877e-06,1.7075472925031877e-06,6.322027276634103e-08,3.813108976008351,0.0,0.0,0.0,0.0,-4.532952096412179,-4.532871719060693,0.22589876408295062,-1.0047168935822803e-05,-4.532952096412088,-9.14823772291129e-14,-4.5186594057011344,-0.014292690711044997,-4.530332393219758,-0.002619703192421774,-4.532871719060693,-8.037735148658243e-05
tfim_n4_t2_s20264797,20264797,4,2,1,B01,,0,"[[2,1],[0,1],[1,0],[1,3]]","[[0,1,1,0],[1,1,1,0],[0,0,1,0],[1,1,1,1]]",5.0,0.051705133857571126,0.0517051338575712,0.0517051338575712,12,8,16,4,4,0.4999999999999999,0.0,45.00000073938965,89.99999999999999,1.4787793334710982e-06,4.214684851089405e-08,4.19950037270497,0.0,0.0,0.0,0.0,-4.532952096412179,-4.6214854433106884,0.13728503983295504,0.011066668362313625,-4.532299216236655,-0.0006528801755241176,-4.521750993390398,-0.011201103021781122,-4.537044386659234,0.0040922902470548195,-4.6214854433106884,0.088533346898509
tfim_n4_t2_s20264797,20264797,4,2,2,B02,,1,"[[1,3],[2,3],[1,2],[1,3]]","[[1,0,0,0],[0,1,0,0],[0,1,1,0],[0,0,1,1]]",2.0,0.0009412141648781139,0.0009412141648781245,0.0009412141648781245,12,8,14,2,6,0.7499999999999999,0.0,4.2688682312579694e-07,89.99999999999999,1.4787793334710982e-06,4.214684851089403e-08,4.542947030705154,0.0,0.0,0.0,0.0,-4.532952096412179,-4.533064943422807,0.2257055397208365,1.4105876328440736e-05,-4.531967945650776,-0.0009841507614032352,-4.517607299842276,-0.015344796569903174,-4.531328026216743,-0.0016240701954366443,-4.533064943422807,0.00011284701062752589
tfim_n4_t2_s20264797,20264797,4,2,3,B03,osr_only,0,"[[0,2],[3,1],[1,3],[2,0]]","[[0,0,1,0],[0,1,0,1],[1,0,1,0],[0,1,0,0]]",8.0,0.035019440132642826,0.03501944013264278,0.03501944013264278,12,8,16,4,4,0.49999999999999983,0.0,45.00000060370912,89.99999999999999,1.2074182697257333e-06,5.1619136559035694e-08,4.542947030705169,0.0,0.0,0.0,0.0,-4.532952096412179,-4.749379635469182,0.009390847674461078,0.02705344238212537,-4.532023382868807,-0.0009287135433728722,-4.5223264435304555,-0.010625652881723902,-4.5430231915749735,0.01007109516279403,-4.749379635469182,0.21642753905700296
tfim_n4_t2_s20264797,20264797,4,2,4,B04,,0,"[[2,1],[1,3],[3,0],[3,2]]","[[1,1,1,1],[0,1,1,0],[0,1,0,1],[0,1,1,1]]",6.0,0.06805152227997771,0.06805152227997777,0.06805152227997777,12,8,18,6,2,0.24999999999999978,0.0,89.99999999999997,90.0,2.4148365394514667e-06,5.9604644775390585e-08,4.542947030705157,0.0,0.0,0.0,0.0,-4.532952096412179,-4.752719095689326,0.006051387454317769,0.027470874909643284,-4.53451021192836,0.0015581155161807914,-4.521891103194241,-0.01106099321793863,-4.560282104596798,0.027330008184618393,-4.752719095689326,0.21976699927714627
tfim_n4_t2_s20264797,20264797,4,2,5,B05,,0,"[[0,1],[0,1],[0,2],[0,1]]","[[1,0,0,0],[1,1,0,0],[1,0,1,0],[0,0,0,1]]",2.0,0.05266386634083538,0.052663866340835315,0.052663866340835315,12,8,14,2,6,0.7499999999999998,0.0,1.166276489861346e-06,89.99999999999999,1.7075472925031877e-06,6.322027276634103e-08,4.782991727256375,0.0,0.0,0.0,0.0,-4.532952096412179,-4.6087321475043606,0.15003833563928293,0.009472506386522639,-4.533962096951852,0.0010100005396722622,-4.517847347303198,-0.015104749108981075,-4.538327114028018,0.005375017615838473,-4.6087321475043606,0.07578005109218111
tfim_n4_t2_s20264797,20264797,4,2,6,B06,,0,"[[1,3],[0,2],[3,2],[1,2]]","[[1,0,0,0],[0,1,0,0],[1,0,1,1],[0,1,0,1]]",5.0,0.0031884548653930565,0.003188454865393057,0.003188454865393057,12,8,16,4,4,0.49999999999999994,0.0,45.00000060370912,90.0,1.2074182697257333e-06,2.9802322387695312e-08,4.760689291145367,0.0,0.0,0.0,0.0,-4.532952096412179,-4.533457572428237,0.22531291071540682,6.318450200715198e-05,-4.530362695633316,-0.0025894007788638262,-4.519130106654126,-0.013821989758053377,-4.531524831507124,-0.0014272649050557362,-4.533457572428237,0.0005054760160572158
tfim_n4_t2_s20264797,20264797,4,2,7,B07,,0,"[[2,3],[2,0],[2,0],[0,1]]","[[1,0,0,0],[1,1,0,0],[0,0,1,0],[0,0,1,1]]",2.0,7.722075788497191e-28,5.541796240606505e-27,0.0,12,8,12,0,8,0.9999999999999998,0.0,0.0,1.4787793334710982e-06,1.4787793334710982e-06,5.9604644775390605e-08,2.0925582257831805,0.0,0.0,0.0,0.0,-4.532952096412179,-4.532893914600852,0.22587656854279192,-7.272726415985531e-06,-4.532952096412134,-4.529709940470639e-14,-4.52585211063782,-0.007099985774359219,-4.531647919947109,-0.0013041764650703058,-4.532893914600852,-5.818181132788425e-05
tfim_n4_t2_s20264797,20264797,4,2,8,B08,pauli_only;projection,0,"[[2,0],[0,3],[0,1],[2,1]]","[[1,0,1,0],[1,1,0,0],[0,0,1,0],[1,0,1,1]]",5.0,1.2300147673570951,1.2300147673570967,1.2300147673570967,12,8,16,4,4,0.4999999999999998,0.0,45.00000085377363,89.99999999999999,1.7075472925031877e-06,5.9604644775390605e-08,4.199500372704972,0.0,0.0,0.0,0.0,-4.532952096412179,-4.758144134720959,0.0006263484226840532,0.028149004788597498,-4.548262422248694,0.015310325836514593,-4.600665253106532,0.06771315669435296,-4.738796083641386,0.2058439872292066,-4.758144134720959,0.22519203830877998
tfim_n4_t2_s20264797,20264797,4,2,9,B09,,0,"[[1,0],[2,0],[2,1],[2,0]]","[[1,1,0,0],[0,1,1,0],[0,0,1,0],[0,0,0,1]]",2.0,0.05266386634083529,0.05266386634083529,0.05266386634083529,12,8,14,2,6,0.7499999999999998,0.0,1.166276489861346e-06,89.99999999999999,1.9090959104164224e-06,6.664001874625054e-08,4.577152803465437,0.0,0.0,0.0,0.0,-4.532952096412179,-4.629306003535692,0.12946447960795116,0.01204423839043911,-4.533962096627199,0.0010100002150199572,-4.519797888819829,-0.01315420759235053,-4.539189079353381,0.006236982941201674,-4.629306003535692,0.09635390712351288
tfim_n4_t2_s20264797,20264797,4,2,10,B10,,0,"[[0,2],[2,3],[1,3],[1,0]]","[[1,1,0,0],[0,1,0,0],[1,0,1,0],[1,1,1,1]]",5.0,0.03606063633066018,0.03606063633066017,0.03606063633066017,12,8,16,4,4,0.49999999999999983,0.0,45.000000739389655,90.0,1.4787793334710982e-06,5.161913655903569e-08,4.243696286151986,0.0,0.0,0.0,0.0,-4.532952096412179,-4.75285376695026,0.005916716193383742,0.027487708817260037,-4.5322360798539805,-0.000716016558198973,-4.5278191969265285,-0.005132899485650988,-4.54452562322657,0.011573526814390611,-4.75285376695026,0.2199016705380803
tfim_n4_t2_s20264797,20264797,4,2,11,B11,,0,"[[0,3],[2,0],[3,2],[2,3]]","[[1,0,1,0],[0,1,0,0],[1,0,1,1],[0,0,1,0]]",6.0,0.05248644734038153,0.05248644734038145,0.05248644734038145,12,8,16,4,4,0.49999999999999994,0.0,45.0000004268868,90.0,8.537736462515939e-07,2.980232238769533e-08,4.199500372704972,0.0,0.0,0.0,0.0,-4.532952096412179,-4.689751011343355,0.06901947180028856,0.019599864366396935,-4.5317769276574325,-0.0011751687547469913,-4.521658048605857,-0.011294047806322816,-4.544119229269868,0.011167132857688777,-4.689751011343355,0.15679891493117548
tfim_n4_t2_s20264797,20264797,4,2,12,B12,,0,"[[2,1],[1,0],[0,1],[1,3]]","[[1,1,1,0],[1,0,0,0],[0,0,1,0],[1,0,0,1]]",5.0,1.1788168282339655,1.178816828233965,1.178816828233965,12,8,16,4,4,0.4999999999999999,0.0,45.000000954547936,89.99999999999999,1.9090959104164224e-06,4.712160915387241e-08,4.199500372704979,0.0,0.0,0.0,0.0,-4.532952096412179,-4.757764749571754,0.0010057335718895999,0.028101581644946805,-4.5454407035653865,0.012488607153207099,-4.597175602368791,0.06422350595661186,-4.730942934678956,0.19799083826677677,-4.757764749571754,0.22481265315957444
tfim_n4_t2_s20264797,20264797,4,2,13,B13,,0,"[[3,2],[3,0],[2,0],[1,3]]","[[1,0,1,0],[0,1,0,0],[0,0,1,1],[0,1,0,1]]",5.0,0.03750350112890515,0.037503501128905124,0.037503501128905124,12,8,18,6,2,0.24999999999999986,0.0,89.99999999999997,90.0,1.9090959104164224e-06,4.712160915387241e-08,4.542947030705167,0.0,0.0,0.0,0.0,-4.532952096412179,-4.756321403800409,0.0024490793432345725,0.027921163423528683,-4.531213897203771,-0.001738199208408453,-4.523010489672465,-0.009941606739714004,-4.54981284759518,0.016860751183000566,-4.756321403800409,0.22336930738822947
tfim_n4_t2_s20264797,20264797,4,2,14,B14,oracle,0,"[[2,1],[0,1],[2,3],[3,0]]","[[1,0,1,1],[1,1,1,0],[0,0,1,0],[0,0,1,1]]",6.0,1.1782921151811392,1.1782921151811387,1.1782921151811387,12,8,16,4,4,0.4999999999999999,0.0,45.00000073938965,89.99999999999999,1.4787793334710982e-06,4.2146848510894035e-08,4.158231339035391,0.0,0.0,0.0,0.0,-4.532952096412179,-4.758192998362081,0.0005774847815622763,0.02815511274373772,-4.546033011795724,0.0130809153835445,-4.597880217631283,0.0649281212191033,-4.735882105354339,0.2029300089421593,-4.758192998362081,0.22524090194990176
tfim_n4_t2_s20264797,20264797,4,2,15,B15,,1,"[[0,1],[0,1],[3,2],[3,1]]","[[1,0,0,0],[0,1,0,1],[0,0,1,1],[0,0,0,1]]",2.0,0.0009412141648781344,0.0009412141648781192,0.0009412141648781192,12,8,14,2,6,0.7499999999999998,0.0,1.2074182697257333e-06,89.99999999999999,1.2074182697257333e-06,5.161913655903569e-08,4.7038013610339835,0.0,0.0,0.0,0.0,-4.532952096412179,-4.532969074550729,0.22580140859291475,2.122267318660498e-06,-4.531967945460068,-0.0009841509521111291,-4.513409411221911,-0.01954268519026847,-4.531017605127332,-0.0019344912848477946,-4.532969074550729,1.6978138549283983e-05
tfim_n4_t2_s20264797,20264797,4,2,16,B16,,0,"[[1,0],[2,0],[1,2],[3,0]]","[[1,1,1,1],[0,1,0,0],[0,1,1,0],[0,0,0,1]]",4.0,0.053952374558086075,0.053952374558086214,0.053952374558086214,12,8,18,6,2,0.24999999999999986,0.0,89.99999999999997,90.0,1.9090959104164224e-06,4.7121609153872417e-08,4.54294703070516,0.0,0.0,0.0,0.0,-4.532952096412179,-4.665144679499691,0.09362580364395257,0.016524072885938934,-4.530201461591748,-0.0027506348204315856,-4.518382922729838,-0.01456917368234123,-4.539279879122423,0.006327782710243923,-4.665144679499691,0.13219258308751147
tfim_n4_t2_s20264834,20264834,4,2,0,identity,identity,0,"[[0,1],[0,1],[0,1],[0,1]]","[[1,0,0,0],[0,1,0,0],[0,0,1,0],[0,0,0,1]]",0.0,7.680101661935938e-27,7.937014349838029e-27,0.0,12,8,12,0,8,0.9999999999999987,0.0,2.1619662249339446e-06,2.699869328381916e-06,2.699869328381916e-06,1.4136482746161716e-07,3.5831394269502446,0.0,0.0,0.0,0.0,-4.532952096412182,-4.532871488453598,0.22589899469003516,-1.0075994823055545e-05,-4.532952096412055,-1.270095140171179e-13,-4.520686594169572,-0.01226550224261036,-4.530778268330706,-0.002173828081476259,-4.532871488453598,-8.060795858444436e-05
tfim_n4_t2_s20264834,20264834,4,2,1,B01,osr_only,0,"[[0,1],[1,2],[0,3],[3,0]]","[[0,0,0,1],[1,1,0,0],[1,1,1,0],[1,0,0,1]]",7.0,1.1789151370209636,1.1789151370209632,1.1789151370209632,12,8,16,4,4,0.49999999999999956,0.0,45.000001045654884,90.0,2.091309789151873e-06,8.429369702178802e-08,4.586622457040164,0.0,0.0,0.0,0.0,-4.532952096412182,-4.757125141584566,0.0016453415590671483,0.028021630646547946,-4.545916426648047,0.01296433023586463,-4.598224593687825,0.0652724972756431,-4.722919391900536,0.189967295488354,-4.757125141584566,0.22417304517238357
tfim_n4_t2_s20264834,20264834,4,2,2,B02,,1,"[[0,1],[3,2],[1,3],[1,3]]","[[1,0,0,0],[1,1,0,0],[0,0,1,1],[0,0,0,1]]",2.0,1.8643541231944424e-27,8.003514028005043e-27,4.4867102756927364e-29,12,8,12,0,8,0.9999999999999987,1.2074182697257333e-06,2.000202849784148e-06,2.561320938754782e-06,2.561320938754782e-06,1.47513969788129e-07,2.4458801063938527,0.0,0.0,0.0,0.0,-4.532952096412182,-4.532902181162571,0.22586830198106167,-6.239406201369313e-06,-4.532952096412108,-7.37188088351104e-14,-4.524968904733553,-0.00798319167862882,-4.531929021179155,-0.0010230752330269155,-4.532902181162571,-4.9915249610954504e-05
tfim_n4_t2_s20264834,20264834,4,2,3,B03,,0,"[[0,3],[3,2],[0,2],[1,2]]","[[1,0,0,0],[0,1,0,0],[0,1,1,1],[1,0,0,1]]",5.0,0.0028363583317766398,0.002836358331776657,0.002836358331776657,12,8,16,4,4,0.49999999999999933,1.9090959104164224e-06,45.000001129436356,90.0,2.2588727439225506e-06,1.0323827311807132e-07,4.642932485688181,0.0,0.0,0.0,0.0,-4.532952096412182,-4.533332158925764,0.22543832421786902,4.750781419771144e-05,-4.530446658557605,-0.0025054378545767975,-4.515414478748841,-0.017537617663340832,-4.530621481620374,-0.0023306147918082942,-4.533332158925764,0.0003800625135816915
tfim_n4_t2_s20264834,20264834,4,2,4,B04,,0,"[[0,1],[2,1],[1,3],[0,2]]","[[1,0,0,0],[1,1,1,0],[1,0,1,0],[1,1,1,1]]",5.0,0.03910008284034182,0.039100082840341804,0.039100082840341804,12,8,18,6,2,0.24999999999999983,1.4787793334710982e-06,89.99999999999997,90.0,1.4787793334710982e-06,5.16191365590357e-08,4.09068658145698,0.0,0.0,0.0,0.0,-4.532952096412182,-4.755807285256998,0.002963197886634461,0.027856898605602032,-4.5308623690301895,-0.0020897273819926454,-4.523247477221279,-0.009704619190903152,-4.559628353456922,0.026676257044740304,-4.755807285256998,0.22285518884481625
tfim_n4_t2_s20264834,20264834,4,2,5,B05,,0,"[[2,1],[3,0],[0,2],[1,0]]","[[1,1,1,1],[0,1,1,0],[1,0,1,1],[0,0,0,1]]",6.0,0.1118503336729821,0.11185033367298224,0.11185033367298224,12,8,20,8,0,1.3520689354465835e-31,89.99999999999996,89.99999999999999,90.0,4.263256414560601e-14,1.4708196003298752e-15,3.7178614029291026,0.0,0.0,0.0,0.0,-4.532952096412182,-4.7347011261016005,0.02406935704203228,0.025218628711177304,-4.533091715355028,0.00013961894284619802,-4.525986749505673,-0.006965346906508962,-4.564948187208937,0.03199609079675447,-4.7347011261016005,0.20174902968941844
tfim_n4_t2_s20264834,20264834,4,2,6,B06,oracle,0,"[[0,1],[2,1],[3,0],[2,3]]","[[1,0,0,1],[1,1,1,0],[0,0,1,0],[0,0,1,1]]",6.0,1.1784810404626096,1.1784810404626096,1.1784810404626096,12,8,16,4,4,0.49999999999999944,1.7075472925031877e-06,45.000001045654884,89.99999999999999,2.091309789151873e-06,9.42432183077448e-08,4.211106448243262,0.0,0.0,0.0,0.0,-4.532952096412182,-4.758098491205578,0.0006719919380548944,0.028143299349174478,-4.545820047421066,0.012867951008884049,-4.599805006254436,0.0668529098422539,-4.737552633663358,0.2046005372511761,-4.758098491205578,0.22514639479339582
tfim_n4_t2_s20264834,20264834,4,2,7,B07,,0,"[[2,1],[0,2],[1,0],[0,1]]","[[1,1,1,0],[1,0,0,0],[1,0,1,0],[0,0,0,1]]",4.0,0.004099622668424296,0.004099622668424296,0.004099622668424296,12,8,16,4,4,0.49999999999999944,1.7075472925031877e-06,45.00000120741826,90.0,2.4148365394514667e-06,9.42432183077448e-08,4.180031303023012,0.0,0.0,0.0,0.0,-4.532952096412182,-4.5332723987009595,0.22549808444267327,4.003778609718012e-05,-4.529530863791353,-0.003421232620828718,-4.525066375187574,-0.007885721224607956,-4.53214266402731,-0.0008094323848721885,-4.5332723987009595,0.00032030228877744094
tfim_n4_t2_s20264834,20264834,4,2,8,B08,,0,"[[0,1],[1,0],[3,0],[0,2]]","[[0,1,0,1],[1,1,0,0],[0,1,1,1],[0,0,0,1]]",5.0,1.2322826269460794,1.2322826269460787,1.2322826269460787,12,8,16,4,4,0.49999999999999956,1.2074182697257333e-06,45.00000104565488,89.99999999999999,2.091309789151873e-06,8.429369702178803e-08,4.586622457040162,0.0,0.0,0.0,0.0,-4.532952096412182,-4.757775022200923,0.000995460942709414,0.028102865723592663,-4.549088665945393,0.016136569533211187,-4.599934196446498,0.06698210003431626,-4.729330078089381,0.1963779816771991,-4.757775022200923,0.2248229257887413
tfim_n4_t2_s20264834,20264834,4,2,9,B09,,0,"[[1,3],[0,3],[2,1],[2,1]]","[[1,0,0,0],[0,1,0,0],[0,0,1,0],[1,1,0,1]]",3.0,0.08774845380629417,0.08774845380629401,0.08774845380629401,12,8,16,4,4,0.49999999999999956,1.2074182697257333e-06,45.000001045654884,89.99999999999999,2.091309789151873e-06,8.429369702178802e-08,4.665311854412817,0.0,0.0,0.0,0.0,-4.532952096412182,-4.748325530192972,0.010444952950661168,0.026921679222598693,-4.535344489852417,0.0023923934402345637,-4.532772217597359,-0.00017987881482284251,-4.581557316313047,0.04860521990086486,-4.748325530192972,0.21537343378078955
tfim_n4_t2_s20264834,20264834,4,2,10,B10,,0,"[[1,0],[3,1],[3,2],[3,1]]","[[1,1,0,0],[0,1,0,0],[0,0,1,1],[0,0,0,1]]",2.0,7.371291702239465e-27,7.975250851383228e-27,1.6603926135112535e-29,12,8,12,0,8,0.9999999999999991,0.0,1.7075472925031877e-06,2.091309789151873e-06,2.091309789151873e-06,1.1733186057227562e-07,2.511097382763308,0.0,0.0,0.0,0.0,-4.532952096412182,-4.532883440035398,0.2258870431082345,-8.58204709797139e-06,-4.532952096412058,-1.2434497875801753e-13,-4.521713366694773,-0.011238729717408802,-4.53101282637143,-0.0019392700407516728,-4.532883440035398,-6.865637678377112e-05
tfim_n4_t2_s20264834,20264834,4,2,11,B11,,0,"[[0,2],[1,0],[1,0],[2,1]]","[[1,0,0,0],[1,1,1,0],[1,0,1,0],[0,0,0,1]]",3.0,0.0040996226684243174,0.004099622668424296,0.004099622668424296,12,8,16,4,4,0.4999999999999998,8.537736462515939e-07,45.00000095454794,90.0,1.9090959104164224e-06,5.9604644775390605e-08,4.180031303023008,0.0,0.0,0.0,0.0,-4.532952096412182,-4.533272398700958,0.22549808444267505,4.003778609695807e-05,-4.529530863791353,-0.003421232620828718,-4.525066375187572,-0.007885721224609732,-4.532142664027304,-0.0008094323848784057,-4.533272398700958,0.0003203022887756646
tfim_n4_t2_s20264834,20264834,4,2,12,B12,,0,"[[3,1],[0,1],[3,1],[1,2]]","[[1,0,0,0],[1,1,0,0],[1,1,1,0],[0,0,0,1]]",2.0,0.0016352274450651871,0.0016352274450651698,0.0016352274450651698,12,8,14,2,6,0.7499999999999994,0.0,1.808321601459805e-06,90.0,2.091309789151873e-06,8.940696716308588e-08,4.665311854412819,0.0,0.0,0.0,0.0,-4.532952096412182,-4.533065250867586,0.22570523227604689,1.4144306925478745e-05,-4.531445464512037,-0.0015066319001455497,-4.520891960843317,-0.012060135568865427,-4.53114416991161,-0.0018079265005717104,-4.533065250867586,0.00011315445540382996
tfim_n4_t2_s20264834,20264834,4,2,13,B13,pauli_only;projection,0,"[[1,0],[2,1],[1,3],[0,1]]","[[1,1,0,0],[1,0,1,0],[0,0,1,0],[0,1,1,1]]",5.0,1.2672830871179963,1.2672830871179963,1.2672830871179963,12,8,18,6,2,0.24999999999999983,1.4787793334710982e-06,89.99999999999997,90.0,1.4787793334710982e-06,5.1619136559035694e-08,4.090686581456977,0.0,0.0,0.0,0.0,-4.532952096412182,-4.7580822823445805,0.0006882007990522965,0.028141273241549802,-4.551188965844013,0.01823686943183045,-4.616081529476436,0.08312943306425424,-4.737540411552766,0.20458831514058406,-4.7580822823445805,0.22513018593239842
tfim_n4_t2_s20264834,20264834,4,2,14,B14,,0,"[[3,2],[3,2],[0,1],[3,1]]","[[1,0,0,0],[1,1,0,1],[0,0,1,0],[0,0,0,1]]",3.0,0.03500046017191747,0.03500046017191741,0.03500046017191741,12,8,14,2,6,0.7499999999999992,8.537736462515939e-07,2.000202849784148e-06,89.99999999999999,2.2588727439225506e-06,1.1348386266624783e-07,4.586622457040161,0.0,0.0,0.0,0.0,-4.532952096412182,-4.7463475001077295,0.012422983035903279,0.02667442546194343,-4.5342765875738005,0.0013244911616183686,-4.528174875119596,-0.004777221292585843,-4.54343098525846,0.010478888846277457,-4.7463475001077295,0.21339540369554744
tfim_n4_t2_s20264834,20264834,4,2,15,B15,,1,"[[0,3],[1,3],[1,0],[0,3]]","[[1,1,0,0],[0,1,0,0],[0,0,1,0],[0,0,0,1]]",1.0,7.495886660261251e-27,7.927356896414929e-27,0.0,12,8,12,0,8,0.9999999999999992,0.0,1.5582570900710779e-06,2.561320938754782e-06,2.561320938754782e-06,1.115100797049385e-07,3.4582113620928134,0.0,0.0,0.0,0.0,-4.532952096412182,-4.532890444919316,0.22588003822431713,-7.706436608301281e-06,-4.532952096412057,-1.2523315717771766e-13,-4.5213414876623315,-0.011610608749850648,-4.530830746238593,-0.002121350173589498,-4.532890444919316,-6.165149286641025e-05
tfim_n4_t2_s20264834,20264834,4,2,16,B16,,0,"[[0,3],[1,2],[3,1],[0,1]]","[[1,0,0,0],[0,1,0,1],[0,1,1,0],[1,0,0,1]]",6.0,0.02924020907813363,0.029240209078133638,0.029240209078133638,12,8,18,6,2,0.24999999999999983,8.537736462515939e-07,89.99999999999997,90.0,1.9090959104164224e-06,5.161913655903569e-08,4.586622457040159,0.0,0.0,0.0,0.0,-4.532952096412182,-4.754868274615612,0.003902208528020701,0.027739522275428752,-4.5319958157409355,-0.0009562806712466454,-4.517248892604675,-0.015703203807507116,-4.545732586638692,0.012780490226510288,-4.754868274615612,0.22191617820343001
tfim_n4_t2_s20264871,20264871,4,2,0,identity,identity,0,"[[0,1],[0,1],[0,1],[0,1]]","[[1,0,0,0],[0,1,0,0],[0,0,1,0],[0,0,0,1]]",0.0,7.195728049519784e-27,8.965019383793554e-27,1.1008286400802038e-29,12,8,12,0,8,0.9999999999999997,0.0,4.2688682312579694e-07,1.7075472925031877e-06,1.7075472925031877e-06,6.989264130329233e-08,3.682305045155954,0.0,0.0,0.0,0.0,-4.532952096412177,-4.53284602854013,0.22592445460350508,-1.3258484005795879e-05,-4.532952096412068,-1.0835776720341528e-13,-4.518923475076588,-0.014028621335588909,-4.530625266000174,-0.0023268304120032113,-4.53284602854013,-0.00010606787204636703
tfim_n4_t2_s20264871,20264871,4,2,1,B01,,1,"[[3,1],[3,1],[0,1],[1,0]]","[[0,1,0,0],[1,1,0,0],[0,0,1,0],[0,0,0,1]]",2.0,7.80553212881553e-27,8.97182919898312e-27,1.781810159036755e-29,12,8,12,0,8,0.9999999999999999,0.0,0.0,1.2074182697257333e-06,1.2074182697257333e-06,4.214684851089403e-08,2.9699624738609596,0.0,0.0,0.0,0.0,-4.532952096412177,-4.532850789070476,0.22591969407315915,-1.266341771255508e-05,-4.532952096412064,-1.127986593019159e-13,-4.519188094452232,-0.013764001959945205,-4.53061571185784,-0.0023363845543364903,-4.532850789070476,-0.00010130734170044065
tfim_n4_t2_s20264871,20264871,4,2,2,B02,,0,"[[1,3],[3,0],[3,1],[0,3]]","[[1,1,0,1],[0,0,0,1],[0,0,1,0],[1,0,0,0]]",6.0,0.029695239184722402,0.02969523918472247,0.02969523918472247,12,8,14,2,6,0.7499999999999996,0.0,1.5582570900710779e-06,89.99999999999999,2.091309789151873e-06,7.884953353001444e-08,4.280195452446157,0.0,0.0,0.0,0.0,-4.532952096412177,-4.7242649691841265,0.03450551395950896,0.02391410909649372,-4.534099721548317,0.0011476251361406398,-4.519430777339098,-0.013521319073078963,-4.540094038239136,0.007141941826959375,-4.7242649691841265,0.19131287277194975
tfim_n4_t2_s20264871,20264871,4,2,3,B03,,0,"[[2,0],[1,3],[1,2],[3,1]]","[[1,0,1,0],[0,0,0,1],[0,1,1,0],[0,1,0,1]]",6.0,0.04929453701313919,0.04929453701313925,0.04929453701313925,12,8,18,6,2,0.24999999999999972,1.9090959104164224e-06,89.99999999999997,90.0,1.9090959104164224e-06,6.664001874625054e-08,4.5799003234238445,0.0,0.0,0.0,0.0,-4.532952096412177,-4.750137942180481,0.008632540963154689,0.027148230721038002,-4.530860270599977,-0.002091825812200021,-4.52524363291714,-0.007708463495037066,-4.570612515162695,0.03766041875051851,-4.750137942180481,0.21718584576830402
tfim_n4_t2_s20264871,20264871,4,2,4,B04,osr_only,0,"[[3,1],[0,3],[2,0],[0,2]]","[[1,0,1,0],[0,1,0,1],[1,0,0,0],[1,0,0,1]]",7.0,0.07436946229474596,0.07436946229474609,0.07436946229474609,12,8,16,4,4,0.49999999999999983,0.0,45.000000853773635,89.99999999999999,1.7075472925031877e-06,5.161913655903569e-08,4.280195452446153,0.0,0.0,0.0,0.0,-4.532952096412177,-4.701081040939057,0.05768944220457861,0.021016118065860012,-4.535455463572869,0.002503367160691994,-4.528495159624378,-0.004456936787798682,-4.559828989723397,0.02687689331122023,-4.701081040939057,0.1681289445268801
tfim_n4_t2_s20264871,20264871,4,2,5,B05,,1,"[[3,1],[1,3],[2,1],[3,1]]","[[1,0,0,0],[0,0,1,1],[0,0,1,0],[0,1,0,0]]",4.0,2.6346851104135674e-27,8.968605834046705e-27,1.4594736653952764e-29,12,8,12,0,8,0.9999999999999992,1.4787793334710982e-06,1.593163312987143e-06,1.9090959104164224e-06,1.9090959104164224e-06,1.1348386266624786e-07,3.6823050451559465,0.0,0.0,0.0,0.0,-4.532952096412177,-4.532857630183184,0.22591285296045172,-1.1808278624125812e-05,-4.532952096412109,-6.750155989720952e-14,-4.522571841520842,-0.010380254891335206,-4.531134044649587,-0.0018180517625898673,-4.532857630183184,-9.44662289930065e-05
tfim_n4_t2_s20264871,20264871,4,2,6,B06,,0,"[[1,3],[2,3],[3,2],[2,0]]","[[1,1,0,1],[0,1,0,0],[0,1,0,1],[0,1,1,1]]",5.0,0.03231401260923395,0.03231401260923385,0.03231401260923385,12,8,16,4,4,0.5,0.0,44.99999999999998,90.0,4.263256414560601e-14,1.3098666462459637e-15,4.57990032342385,0.0,0.0,0.0,0.0,-4.532952096412177,-4.750448599252328,0.00832188389130728,0.02718706285501893,-4.532709395240556,-0.0002427011716203964,-4.515433540591359,-0.01751855582081774,-4.54051647595764,0.0075643795454629625,-4.750448599252328,0.21749650284015143
tfim_n4_t2_s20264871,20264871,4,2,7,B07,,0,"[[3,2],[3,0],[2,1],[0,3]]","[[1,0,0,1],[0,1,1,1],[0,0,1,1],[1,0,0,0]]",7.0,0.002726796223017627,0.0027267962230175954,0.0027267962230175954,12,8,16,4,4,0.4999999999999999,0.0,45.000000954547936,90.0,1.9090959104164224e-06,4.7121609153872417e-08,4.183051883423851,0.0,0.0,0.0,0.0,-4.532952096412177,-4.533164266091596,0.22560621705203943,2.652120992741036e-05,-4.5302742517836005,-0.0026778446285762314,-4.522467174275478,-0.010484922136698493,-4.53189931938788,-0.001052777024296958,-4.533164266091596,0.00021216967941928289
tfim_n4_t2_s20264871,20264871,4,2,8,B08,,0,"[[1,2],[3,0],[1,0],[2,0]]","[[1,0,1,1],[0,1,0,0],[0,1,1,0],[0,0,0,1]]",4.0,0.07495085823914314,0.0749508582391432,0.0749508582391432,12,8,18,6,2,0.24999999999999972,1.4787793334710982e-06,89.99999999999997,90.0,2.2588727439225506e-06,6.664001874625054e-08,4.579900323423846,0.0,0.0,0.0,0.0,-4.532952096412177,-4.700528106093259,0.058242377050376604,0.020947001210135263,-4.531014039365195,-0.0019380570469813563,-4.520893531344544,-0.012058565067632365,-4.548650601673717,0.015698505261540596,-4.700528106093259,0.1675760096810821
tfim_n4_t2_s20264871,20264871,4,2,9,B09,,0,"[[0,1],[2,3],[0,1],[2,1]]","[[1,0,0,0],[0,1,1,0],[0,0,1,0],[0,0,1,1]]",2.0,0.0011057088203371656,0.0011057088203371675,0.0011057088203371675,12,8,14,2,6,0.7499999999999994,0.0,1.593163312987143e-06,90.0,2.2588727439225506e-06,8.94069671630859e-08,4.702183928191941,0.0,0.0,0.0,0.0,-4.532952096412177,-4.533063145720173,0.22570733742346238,1.3881163499540605e-05,-4.53194494340722,-0.0010071530049566846,-4.519128212181945,-0.01382388423023162,-4.530817997513815,-0.0021340988983613585,-4.533063145720173,0.00011104930799632484
tfim_n4_t2_s20264871,20264871,4,2,10,B10,,0,"[[0,1],[2,3],[3,1],[2,3]]","[[1,0,0,0],[1,1,1,1],[0,0,1,0],[0,0,0,1]]",3.0,0.029803261983228527,0.029803261983228538,0.029803261983228538,12,8,16,4,4,0.4999999999999996,0.0,45.00000134993464,90.0,2.699869328381916e-06,7.884953353001442e-08,4.212704815862999,0.0,0.0,0.0,0.0,-4.532952096412177,-4.715320072414443,0.04345041072919287,0.02279599700028323,-4.532069217372961,-0.0008828790392154673,-4.520886620056525,-0.012065476355651583,-4.539949565706726,0.006997469294549141,-4.715320072414443,0.18236797600226584
tfim_n4_t2_s20264871,20264871,4,2,11,B11,,0,"[[0,2],[2,1],[2,3],[3,0]]","[[0,0,1,1],[1,1,1,0],[1,0,1,0],[1,0,1,1]]",7.0,0.0039803246771111704,0.003980324677111196,0.003980324677111196,12,8,18,6,2,0.2499999999999999,8.537736462515939e-07,89.99999999999997,89.99999999999999,1.4787793334710982e-06,4.214684851089406e-08,4.183051883423848,0.0,0.0,0.0,0.0,-4.532952096412177,-4.53365175090195,0.22511873224168522,8.745681122168669e-05,-4.528586818007682,-0.0043652784044949655,-4.524617715242028,-0.008334381170148397,-4.532246917319849,-0.0007051790923275902,-4.53365175090195,0.0006996544897734935
tfim_n4_t2_s20264871,20264871,4,2,12,B12,pauli_only;projection,0,"[[2,0],[0,3],[3,1],[2,0]]","[[1,0,0,0],[1,1,1,1],[0,0,1,0],[1,0,1,1]]",5.0,0.10002578352074994,0.1000257835207501,0.1000257835207501,12,8,16,4,4,0.4999999999999999,0.0,45.00000073938966,90.0,1.4787793334710982e-06,3.650024149988857e-08,4.1830518834238495,0.0,0.0,0.0,0.0,-4.532952096412177,-4.7493506294058,0.009419853737835382,0.027049816624202916,-4.5352940305575915,0.0023419341454147258,-4.530899449437502,-0.0020526469746746656,-4.5697045676174675,0.03675247120529068,-4.7493506294058,0.21639853299362333
tfim_n4_t2_s20264871,20264871,4,2,13,B13,oracle,0,"[[0,1],[0,2],[0,3],[1,2]]","[[1,0,0,0],[1,1,0,0],[0,1,1,0],[1,0,0,1]]",4.0,0.04478224590852965,0.044782245908529736,0.044782245908529736,12,8,16,4,4,0.4999999999999998,0.0,45.000000954547936,89.99999999999999,1.9090959104164224e-06,5.575503985246928e-08,4.311109093024274,0.0,0.0,0.0,0.0,-4.532952096412177,-4.751424449846527,0.0073460332971082565,0.027309044179293807,-4.532401450061695,-0.0005506463504820758,-4.524835553555379,-0.00811654285679797,-4.544134316663598,0.011182220251421349,-4.751424449846527,0.21847235343435045
tfim_n4_t2_s20264871,20264871,4,2,14,B14,,0,"[[1,2],[3,0],[3,2],[0,2]]","[[1,0,0,1],[0,1,0,0],[1,1,1,0],[0,0,0,1]]",5.0,0.002982638655280151,0.002982638655280154,0.002982638655280154,12,8,18,6,2,0.24999999999999994,0.0,89.99999999999997,89.99999999999999,1.2074182697257333e-06,2.9802322387695346e-08,4.28019545244615,0.0,0.0,0.0,0.0,-4.532952096412177,-4.533287220251721,0.22548326289191412,4.1890479943074155e-05,-4.5276445172404625,-0.005307579171714316,-4.5173633238240525,-0.0155887725881243,-4.531397558540661,-0.0015545378715158265,-4.533287220251721,0.00033512383954459324
tfim_n4_t2_s20264871,20264871,4,2,15,B15,,0,"[[2,3],[0,1],[2,0],[0,1]]","[[1,0,1,0],[0,1,1,0],[0,0,1,0],[0,0,1,1]]",3.0,0.04467422311002353,0.044674223110023614,0.044674223110023614,12,8,14,2,6,0.7499999999999996,0.0,1.7075472925031877e-06,89.99999999999999,1.7075472925031877e-06,7.884953353001444e-08,4.702183928191933,0.0,0.0,0.0,0.0,-4.532952096412177,-4.7502657619563475,0.008504721187287956,0.027164208193021344,-4.5343006809868225,0.001348584574645706,-4.5250089183071385,-0.007943178105038307,-4.546068571520615,0.013116475108438053,-4.7502657619563475,0.21731366554417075
tfim_n4_t2_s20264871,20264871,4,2,16,B16,,0,"[[0,3],[2,1],[3,2],[2,1]]","[[1,0,0,0],[1,1,0,1],[1,0,1,1],[1,0,0,1]]",5.0,0.07143625315636472,0.07143625315636477,0.07143625315636477,12,8,16,4,4,0.49999999999999967,0.0,45.00000134993465,90.0,2.699869328381916e-06,7.300048299977708e-08,4.28019545244615,0.0,0.0,0.0,0.0,-4.532952096412177,-4.650435046375411,0.10833543676822455,0.01468536874540427,-4.5333429860945,0.00039088968232281474,-4.513997362105413,-0.018954734306763754,-4.539453687630738,0.006501591218561309,-4.650435046375411,0.11748294996323416
tfim_n6_t2_s20266723,20266723,6,2,0,identity,identity,0,"[[0,1],[0,1],[0,1],[0,1]]","[[1,0,0,0,0,0],[0,1,0,0,0,0],[0,0,1,0,0,0],[0,0,0,1,0,0],[0,0,0,0,1,0],[0,0,0,0,0,1]]",0.0,1.2146889775822966e-26,1.5510256708419092e-26,0.0,18,12,18,0,12,1.0,0.0,0.0,1.2074182697257333e-06,1.2074182697257333e-06,2.9802322387695306e-08,5.49145288718432,0.0,0.0,0.0,0.0,-7.030340347596626,-7.030159961473593,0.2660698490851612,-2.2548265379174204e-05,-7.030340347596399,-2.2737367544323206e-13,-7.013903101331391,-0.016437246265234684,-7.02718156638216,-0.003158781214465556,-7.030159961473593,-0.00018038612303339363
tfim_n6_t2_s20266723,20266723,6,2,1,B01,pauli_only;projection,0,"[[0,3],[0,1],[1,5],[5,4]]","[[1,0,0,0,0,0],[1,1,0,0,0,0],[0,0,1,0,0,0],[1,0,0,1,0,0],[1,1,0,0,1,1],[1,1,0,0,0,1]]",8.0,0.48828872745018326,0.4882887274501837,0.4882887274501837,18,12,22,4,8,0.6666666666666665,0.0,6.037091348628667e-07,90.0,1.7075472925031877e-06,5.161913655903569e-08,5.475965815688968,0.0,0.0,0.0,0.0,-7.030340347596626,-7.097037009863588,0.19919280069516532,0.008337082783370309,-7.039172304243827,0.008831956647201267,-7.039837536791169,0.009497189194543232,-7.082687277119071,0.052346929522444796,-7.097037009863588,0.06669666226696247
tfim_n6_t2_s20266723,20266723,6,2,2,B02,,0,"[[3,4],[5,2],[2,1],[0,1]]","[[1,0,0,0,0,0],[1,1,1,0,0,1],[0,0,1,0,0,1],[0,0,0,1,0,0],[0,0,0,1,1,0],[0,0,0,0,0,1]]",6.0,0.0906702002466387,0.0906702002466388,0.0906702002466388,18,12,24,6,6,0.5,0.0,45.0000004268868,90.0,8.537736462515939e-07,2.1073424255447047e-08,6.059449207825368,0.0,0.0,0.0,0.0,-7.030340347596626,-7.068043900152609,0.228185910406145,0.004712944069497849,-7.029373436333771,-0.0009669112628545307,-7.009809399546229,-0.020530948050397235,-7.035713597319847,0.005373249723221285,-7.068043900152609,0.03770355255598279
tfim_n6_t2_s20266723,20266723,6,2,3,B03,,0,"[[4,2],[0,4],[2,1],[2,5]]","[[1,0,0,0,0,0],[0,1,1,0,1,0],[0,0,1,0,1,0],[0,0,0,1,0,0],[1,0,0,0,1,0],[0,0,1,0,1,1]]",10.0,0.009173904271145499,0.009173904271145504,0.009173904271145504,18,12,24,6,6,0.5,0.0,45.0000004268868,90.0,8.537736462515939e-07,2.1073424255447047e-08,5.277041266511451,0.0,0.0,0.0,0.0,-7.030340347596626,-7.030701719774586,0.2655280907841675,4.517152224503551e-05,-7.029019804067379,-0.0013205435292471535,-7.008018020017733,-0.022322327578892853,-7.027666019219741,-0.002674328376884638,-7.030701719774586,0.0003613721779602841
tfim_n6_t2_s20266723,20266723,6,2,4,B04,osr_only,0,"[[3,0],[0,5],[4,2],[4,1]]","[[1,0,0,1,0,0],[0,1,0,0,1,0],[0,0,1,0,1,0],[0,0,0,1,0,0],[0,0,0,0,1,0],[1,0,0,1,0,1]]",11.0,0.03184836620686877,0.03184836620686877,0.03184836620686877,18,12,24,6,6,0.49999999999999983,0.0,45.00000104565488,90.0,2.091309789151873e-06,5.1619136559035675e-08,5.639456297766193,0.0,0.0,0.0,0.0,-7.030340347596626,-7.048693886532903,0.24753592402585056,0.002294192367034653,-7.0307077342314415,0.00036738663481550304,-7.003864739202439,-0.026475608394187056,-7.030577407229516,0.0002370596328900021,-7.048693886532903,0.018353538936277225
tfim_n6_t2_s20266723,20266723,6,2,5,B05,,0,"[[0,1],[4,5],[4,1],[3,0]]","[[1,0,0,1,0,0],[1,1,0,0,1,0],[0,0,1,0,0,0],[0,0,0,1,0,0],[0,0,0,0,1,0],[0,0,0,0,1,1]]",8.0,0.4882887274501834,0.48828872745018326,0.48828872745018326,18,12,22,4,8,0.6666666666666665,0.0,8.537736462515939e-07,89.99999999999999,2.2588727439225506e-06,6.322027276634102e-08,5.639456297766231,0.0,0.0,0.0,0.0,-7.030340347596626,-7.096963082488971,0.19926672806978285,0.008327841861543117,-7.0391723045947305,0.008831956998104573,-7.043810214153528,0.01346986655690241,-7.084634081768904,0.05429373417227801,-7.096963082488971,0.06662273489234494
tfim_n6_t2_s20266723,20266723,6,2,6,B06,,0,"[[4,2],[5,2],[0,2],[3,4]]","[[1,0,0,0,0,0],[0,1,0,0,0,0],[1,0,1,0,1,1],[0,0,0,1,0,0],[0,0,0,1,1,0],[0,0,0,0,0,1]]",6.0,0.15273719969341498,0.15273719969341498,0.15273719969341498,18,12,26,8,4,0.3333333333333331,0.0,89.99999999999997,90.0,2.4148365394514667e-06,7.598131170262073e-08,5.639456297766214,0.0,0.0,0.0,0.0,-7.030340347596626,-7.06874191720598,0.22748789335277397,0.004800196201169227,-7.031806464629566,0.0014661170329404172,-7.010129876444824,-0.020210471151801634,-7.039709270029287,0.009368922432661186,-7.06874191720598,0.038401569609353814
tfim_n6_t2_s20266723,20266723,6,2,7,B07,,0,"[[1,3],[1,2],[3,0],[3,4]]","[[1,1,0,1,0,0],[0,1,0,0,0,0],[0,1,1,0,0,0],[0,1,0,1,0,0],[0,1,0,1,1,0],[0,0,0,0,0,1]]",6.0,0.00010921012632497001,0.00010921012632497023,0.00010921012632497023,18,12,22,4,8,0.6666666666666666,0.0,0.0,90.0,2.842170943040401e-14,7.400403337694821e-16,5.688949276649747,0.0,0.0,0.0,0.0,-7.030340347596626,-7.030196661743325,0.2660331488154286,-1.7960731662602925e-05,-7.0288208951110125,-0.0015194524856134706,-6.9990464095134515,-0.03129393808317449,-7.027558427708448,-0.002781919888177775,-7.030196661743325,-0.0001436858533008234
tfim_n6_t2_s20266723,20266723,6,2,8,B08,,0,"[[0,1],[5,1],[1,3],[1,5]]","[[1,0,0,0,0,0],[1,1,0,0,0,1],[0,0,1,0,0,0],[1,1,0,1,0,1],[0,0,0,0,1,0],[1,1,0,0,0,0]]",9.0,0.007939588167420002,0.007939588167420006,0.007939588167420006,18,12,22,4,8,0.6666666666666664,0.0,1.7075472925031877e-06,89.99999999999999,2.4148365394514667e-06,8.940696716308588e-08,5.445234257457238,0.0,0.0,0.0,0.0,-7.030340347596626,-7.032833812139326,0.26339599841942807,0.0003116830678374649,-7.030161535088954,-0.00017881250767182166,-7.004235778585415,-0.02610456901121072,-7.027356089394549,-0.00298425820207715,-7.032833812139326,0.0024934645426997193
tfim_n6_t2_s20266723,20266723,6,2,9,B09,,1,"[[4,3],[4,3],[5,0],[1,0]]","[[1,1,0,0,0,1],[0,1,0,0,0,0],[0,0,1,0,0,0],[0,0,0,1,0,0],[0,0,0,0,1,0],[0,0,0,0,0,1]]",5.0,1.1307735580259554e-26,1.554659272370038e-26,2.5634454079540386e-29,18,12,20,2,10,0.833333333333333,0.0,1.3430988015984157e-06,89.99999999999999,1.7075472925031877e-06,8.16170211889097e-08,5.445234257457233,0.0,0.0,0.0,0.0,-7.030340347596626,-7.0302129632078625,0.26601684735089126,-1.5923048595434253e-05,-7.0303403475964,-2.255973186038318e-13,-7.012421453965953,-0.017918893630673338,-7.027271289989489,-0.003069057607136827,-7.0302129632078625,-0.00012738438876347402
tfim_n6_t2_s20266723,20266723,6,2,10,B10,,0,"[[3,0],[0,5],[3,4],[3,2]]","[[1,0,0,1,0,0],[0,1,0,0,0,0],[0,0,1,1,0,0],[0,0,0,1,0,0],[0,0,0,1,1,0],[1,0,0,1,0,1]]",9.0,1.0492222775165452e-26,1.553660784325014e-26,1.5649573629300384e-29,18,12,22,4,8,0.6666666666666666,0.0,4.2688682312579694e-07,90.0,8.537736462515939e-07,2.9802322387695326e-08,5.688949276649768,0.0,0.0,0.0,0.0,-7.030340347596626,-7.030175578542426,0.2660542320163275,-2.0596131774963666e-05,-7.030340347596405,-2.2115642650533118e-13,-7.015570565053655,-0.014769782542971122,-7.027768834163112,-0.0025715134335140277,-7.030175578542426,-0.00016476905419970933
tfim_n6_t2_s20266723,20266723,6,2,11,B11,,1,"[[4,1],[2,4],[3,0],[3,0]]","[[1,0,0,0,0,0],[0,1,0,0,1,0],[0,0,1,0,0,0],[0,0,0,1,0,0],[0,0,1,0,1,0],[0,0,0,0,0,1]]",5.0,2.7250736076612245e-27,1.553386104266164e-26,1.2902773040802557e-29,18,12,22,4,8,0.6666666666666665,0.0,1.2074182697257333e-06,90.0,1.2074182697257333e-06,5.960464477539061e-08,5.879858018690957,0.0,0.0,0.0,0.0,-7.030340347596626,-7.0302697630150455,0.2659600475437083,-8.82307269756133e-06,-7.030340347596502,-1.2434497875801753e-13,-7.017723231548406,-0.012617116048219579,-7.02851106441627,-0.0018292831803563558,-7.0302697630150455,-7.058458158049064e-05
tfim_n6_t2_s20266723,20266723,6,2,12,B12,,0,"[[4,5],[1,0],[4,0],[5,4]]","[[1,1,0,0,1,0],[0,1,0,0,0,0],[0,0,1,0,0,0],[0,0,0,1,0,0],[0,0,0,0,0,1],[0,0,0,0,1,1]]",6.0,7.747152433725472e-27,1.5531455814857536e-26,1.0497545236697151e-29,18,12,22,4,8,0.6666666666666666,0.0,4.2688682312579694e-07,90.0,1.4787793334710982e-06,4.214684851089403e-08,5.445234257457246,0.0,0.0,0.0,0.0,-7.030340347596626,-7.030238551804182,0.2659912587545721,-1.2724474055536561e-05,-7.030340347596444,-1.8207657603852567e-13,-7.015224475494183,-0.015115872102443362,-7.027491959930104,-0.0028483876665221786,-7.030238551804182,-0.00010179579244429249
tfim_n6_t2_s20266723,20266723,6,2,13,B13,oracle,0,"[[3,2],[5,3],[0,4],[1,0]]","[[1,1,0,0,0,0],[0,1,0,0,0,0],[0,0,1,1,0,0],[0,0,0,1,0,1],[1,0,0,0,1,0],[0,0,0,0,0,1]]",8.0,0.46978188860479586,0.4697818886047957,0.4697818886047957,18,12,24,6,6,0.49999999999999983,0.0,45.000000954547936,90.0,1.9090959104164224e-06,5.161913655903569e-08,4.574368479285513,0.0,0.0,0.0,0.0,-7.030340347596626,-7.097545199783747,0.19868461077500665,0.008400606523390142,-7.0387943709121945,0.008454023315568548,-7.040748661963647,0.010408314367021276,-7.082818733203837,0.05247838560721085,-7.097545199783747,0.06720485218712113
tfim_n6_t2_s20266723,20266723,6,2,14,B14,,0,"[[5,1],[1,2],[2,0],[5,2]]","[[1,1,1,0,0,1],[0,1,0,0,0,1],[0,1,1,0,0,0],[0,0,0,1,0,0],[0,0,0,0,1,0],[0,0,0,0,0,1]]",7.0,0.006952304470666818,0.0069523044706667906,0.0069523044706667906,18,12,24,6,6,0.49999999999999994,0.0,45.000000954547936,89.99999999999999,1.9090959104164224e-06,4.712160915387241e-08,5.796739290921675,0.0,0.0,0.0,0.0,-7.030340347596626,-7.030649058428658,0.2655807521300959,3.858885400398471e-05,-7.026623747057793,-0.003716600538832715,-7.008735822807956,-0.021604524788670254,-7.02798337711765,-0.002356970478976095,-7.030649058428658,0.00030871083203187766
tfim_n6_t2_s20266723,20266723,6,2,15,B15,,0,"[[0,2],[2,0],[4,5],[3,5]]","[[0,0,1,0,0,0],[0,1,0,0,0,0],[1,0,1,0,0,0],[0,0,0,1,0,0],[0,0,0,0,1,0],[0,0,0,1,1,1]]",6.0,0.014066668910595572,0.014066668910595582,0.014066668910595582,18,12,22,4,8,0.6666666666666666,0.0,4.2688682312579694e-07,89.99999999999999,1.4787793334710982e-06,4.2146848510894035e-08,6.146334900601963,0.0,0.0,0.0,0.0,-7.030340347596626,-7.034317416573998,0.26191239398475563,0.0004971336221715195,-7.028344394705012,-0.001995952891613584,-7.003752129838058,-0.0265882177585679,-7.028797119553241,-0.0015432280433849144,-7.034317416573998,0.003977068977372156
tfim_n6_t2_s20266723,20266723,6,2,16,B16,,0,"[[3,2],[1,4],[4,2],[3,0]]","[[1,0,0,1,0,0],[0,1,0,0,0,0],[0,1,1,1,1,0],[0,0,0,1,0,0],[0,1,0,0,1,0],[0,0,0,0,0,1]]",8.0,0.009984762272041483,0.00998476227204152,0.00998476227204152,18,12,24,6,6,0.49999999999999994,0.0,45.00000085377363,90.0,1.7075472925031877e-06,4.214684851089404e-08,5.639456297766213,0.0,0.0,0.0,0.0,-7.030340347596626,-7.030644100246341,0.26558571031241307,3.796908121433962e-05,-7.027185184073701,-0.0031551635229245534,-7.000571810534318,-0.029768537062308198,-7.026132964862076,-0.004207382734549903,-7.030644100246341,0.00030375264971471694
tfim_n6_t2_s20266760,20266760,6,2,0,identity,identity,0,"[[0,1],[0,1],[0,1],[0,1]]","[[1,0,0,0,0,0],[0,1,0,0,0,0],[0,0,1,0,0,0],[0,0,0,1,0,0],[0,0,0,0,1,0],[0,0,0,0,0,1]]",0.0,2.385666911568937e-27,3.0801132743819577e-27,0.0,18,12,18,0,12,0.9999999999999997,0.0,1.0305959579886636e-06,1.7075472925031877e-06,1.7075472925031877e-06,9.424321830774482e-08,5.034236749291793,0.0,0.0,0.0,0.0,-7.030340347596616,-7.030193766818718,0.26603604374004597,-1.8322597237219185e-05,-7.030340347596583,-3.2862601528904634e-14,-7.016143172522151,-0.014197175074465385,-7.027974528120981,-0.002365819475635078,-7.030193766818718,-0.00014658077789775348
tfim_n6_t2_s20266760,20266760,6,2,1,B01,,0,"[[2,3],[4,3],[3,1],[1,2]]","[[1,0,0,0,0,0],[0,1,1,1,1,0],[0,1,0,1,1,0],[0,0,1,1,1,0],[0,0,0,0,1,0],[0,0,0,0,0,1]]",5.0,0.006887509054110509,0.006887509054110497,0.006887509054110497,18,12,24,6,6,0.49999999999999983,0.0,45.000000853773635,89.99999999999999,1.7075472925031877e-06,5.1619136559035694e-08,4.467204180122723,0.0,0.0,0.0,0.0,-7.030340347596616,-7.032478494754687,0.2637513158040772,0.0002672683947588794,-7.026881315085051,-0.0034590325115653187,-7.005469774088667,-0.024870573507949523,-7.028721630617223,-0.0016187169793928646,-7.032478494754687,0.0021381471580710354
tfim_n6_t2_s20266760,20266760,6,2,2,B02,,1,"[[3,1],[0,4],[0,5],[5,1]]","[[1,0,0,0,0,0],[1,1,0,1,0,1],[0,0,1,0,0,0],[0,0,0,1,0,0],[1,0,0,0,1,0],[1,0,0,0,0,1]]",9.0,0.006861356608652072,0.0068613566086520765,0.0068613566086520765,18,12,24,6,6,0.4999999999999998,0.0,45.000001045654884,90.0,2.091309789151873e-06,7.300048299977711e-08,5.026753771853434,0.0,0.0,0.0,0.0,-7.030340347596616,-7.032475423650949,0.2637543869078156,0.00026688450679157594,-7.030184951630213,-0.0001553959664031268,-7.006710936745115,-0.023629410851500943,-7.02814972485139,-0.0021906227452266336,-7.032475423650949,0.0021350760543326075
tfim_n6_t2_s20266760,20266760,6,2,3,B03,,0,"[[2,1],[0,3],[2,0],[1,5]]","[[1,0,1,0,0,0],[0,1,1,0,0,0],[0,0,1,0,0,0],[1,0,0,1,0,0],[0,0,0,0,1,0],[0,1,1,0,0,1]]",9.0,0.017394020503013852,0.01739402050301383,0.01739402050301383,18,12,24,6,6,0.49999999999999983,0.0,45.00000073938965,90.0,1.4787793334710982e-06,5.960464477539062e-08,5.232193359403079,0.0,0.0,0.0,0.0,-7.030340347596616,-7.036756419884418,0.25947339067434605,0.0008020090359752707,-7.028649927060768,-0.0016904205358478919,-7.001410910243903,-0.028929437352712917,-7.028603400482363,-0.0017369471142529846,-7.036756419884418,0.006416072287802166
tfim_n6_t2_s20266760,20266760,6,2,4,B04,,0,"[[0,3],[1,2],[3,1],[1,4]]","[[1,0,0,0,0,0],[1,1,0,1,0,0],[0,1,1,0,0,0],[1,0,0,1,0,0],[1,1,0,1,1,0],[0,0,0,0,0,1]]",8.0,0.016167131612579818,0.016167131612579776,0.016167131612579776,18,12,24,6,6,0.49999999999999983,0.0,45.000001129436356,90.0,2.2588727439225506e-06,6.989264130329232e-08,5.078573142865527,0.0,0.0,0.0,0.0,-7.030340347596616,-7.0334723150955565,0.2627574954632079,0.0003914959373675364,-7.028180241512702,-0.0021601060839140374,-7.003571827487271,-0.026768520109345495,-7.028834087677174,-0.0015062599194424209,-7.0334723150955565,0.0031319674989402913
tfim_n6_t2_s20266760,20266760,6,2,5,B05,,0,"[[1,4],[5,0],[4,1],[5,2]]","[[1,0,0,0,0,1],[0,0,0,0,1,0],[0,0,1,0,0,1],[0,0,0,1,0,0],[0,1,0,0,1,0],[0,0,0,0,0,1]]",11.0,2.0092054796431075e-27,3.1022678647214e-27,8.187433698553465e-30,18,12,22,4,8,0.6666666666666666,0.0,8.537736462515939e-07,90.0,8.537736462515939e-07,4.712160915387242e-08,5.00181901546226,0.0,0.0,0.0,0.0,-7.030340347596616,-7.030233156653891,0.2659966539048737,-1.3398867840686002e-05,-7.030340347596587,-2.930988785010413e-14,-7.018344028109828,-0.011996319486788032,-7.0284307511885356,-0.0019095964080806382,-7.030233156653891,-0.00010719094272548801
tfim_n6_t2_s20266760,20266760,6,2,6,B06,,0,"[[4,1],[2,4],[5,3],[5,3]]","[[1,0,0,0,0,0],[0,1,0,0,1,0],[0,0,1,0,0,0],[0,0,0,1,0,0],[0,0,1,0,1,0],[0,0,0,0,0,1]]",5.0,1.4368499513151565e-27,3.110628709771523e-27,1.6548278748676598e-29,18,12,22,4,8,0.6666666666666664,0.0,1.4787793334710982e-06,90.0,1.9090959104164224e-06,9.185692672385237e-08,5.198500893172987,0.0,0.0,0.0,0.0,-7.030340347596616,-7.030255540759383,0.265974269799381,-1.0600854654096992e-05,-7.030340347596595,-2.1316282072803006e-14,-7.021138239028752,-0.009202108567864187,-7.028579984799863,-0.0017603627967535118,-7.030255540759383,-8.480683723277593e-05
tfim_n6_t2_s20266760,20266760,6,2,7,B07,,0,"[[0,5],[2,5],[2,4],[1,4]]","[[1,0,0,0,0,0],[0,1,0,0,0,0],[0,0,1,0,0,0],[0,0,0,1,0,0],[0,1,1,0,1,0],[1,0,1,0,0,1]]",8.0,0.0015755510750093595,0.0015755510750093645,0.0015755510750093645,18,12,24,6,6,0.49999999999999983,0.0,45.000000853773635,90.0,1.7075472925031877e-06,6.664001874625054e-08,5.2321933594030705,0.0,0.0,0.0,0.0,-7.030340347596616,-7.030290633755502,0.2659391768032622,-6.21423013924538e-06,-7.028562050595634,-0.0017782970009818655,-7.000955405963621,-0.029384941632994988,-7.026582138258657,-0.0037582093379588954,-7.030290633755502,-4.971384111396304e-05
tfim_n6_t2_s20266760,20266760,6,2,8,B08,,0,"[[0,2],[5,3],[0,3],[1,2]]","[[1,0,0,0,0,0],[0,1,0,0,0,0],[1,1,1,0,0,0],[1,0,0,1,0,1],[0,0,0,0,1,0],[0,0,0,0,0,1]]",6.0,0.0011785009120091749,0.0011785009120091824,0.0011785009120091824,18,12,24,6,6,0.4999999999999997,0.0,45.00000120741825,90.0,2.4148365394514667e-06,8.429369702178802e-08,4.982869765980596,0.0,0.0,0.0,0.0,-7.030340347596616,-7.030292640956491,0.26593716960227365,-5.963330015679169e-06,-7.025223696237737,-0.005116651358878954,-6.999014358700424,-0.031325988896192314,-7.027710573987137,-0.002629773609479358,-7.030292640956491,-4.770664012543335e-05
tfim_n6_t2_s20266760,20266760,6,2,9,B09,,0,"[[2,3],[0,3],[0,4],[4,3]]","[[1,0,0,0,0,0],[0,1,0,0,0,0],[0,0,1,0,0,0],[0,0,1,1,1,0],[1,0,0,0,1,0],[0,0,0,0,0,1]]",6.0,1.0103437832518997e-05,1.0103437832518757e-05,1.0103437832518757e-05,18,12,22,4,8,0.6666666666666662,0.0,2.091309789151873e-06,90.0,2.699869328381916e-06,1.1151007970493849e-07,3.97586458708323,0.0,0.0,0.0,0.0,-7.030340347596616,-7.030193865804323,0.26603594475444137,-1.8310224036643952e-05,-7.028019640045665,-0.002320707550951262,-7.003151655288929,-0.02718869230768739,-7.0279127543558175,-0.0024275932407986645,-7.030193865804323,-0.00014648179229315161
tfim_n6_t2_s20266760,20266760,6,2,10,B10,,1,"[[1,5],[3,5],[1,3],[3,5]]","[[1,0,0,0,0,0],[0,1,0,0,0,0],[0,0,1,0,0,0],[0,1,0,1,0,0],[0,0,0,0,1,0],[0,0,0,0,0,1]]",2.0,0.006861356608652097,0.006861356608652042,0.006861356608652042,18,12,20,2,10,0.833333333333333,0.0,1.0305959579886636e-06,89.99999999999999,1.7075472925031877e-06,7.598131170262074e-08,5.034236749291783,0.0,0.0,0.0,0.0,-7.030340347596616,-7.032331566368845,0.26389824418991914,0.0002489023465286344,-7.030184951284862,-0.00015539631175442992,-6.999976819019001,-0.03036352857761493,-7.028115206180971,-0.0022251414156455596,-7.032331566368845,0.0019912187722290753
tfim_n6_t2_s20266760,20266760,6,2,11,B11,pauli_only;projection;oracle,0,"[[1,5],[2,5],[2,3],[4,1]]","[[1,0,0,0,0,0],[0,1,0,0,1,0],[0,0,1,0,0,0],[0,0,1,1,0,0],[0,0,0,0,1,0],[0,1,1,0,0,1]]",8.0,0.48851481639457844,0.48851481639457794,0.48851481639457794,18,12,24,6,6,0.49999999999999983,0.0,45.000001129436356,90.0,2.2588727439225506e-06,6.322027276634102e-08,5.106248752254861,0.0,0.0,0.0,0.0,-7.030340347596616,-7.097353134168662,0.19887667639010242,0.008376598321505724,-7.038594575967578,0.008254228370962124,-7.043213995930539,0.01287364833392246,-7.085470060373579,0.05512971277696277,-7.097353134168662,0.06701278657204579
tfim_n6_t2_s20266760,20266760,6,2,12,B12,,0,"[[1,4],[2,1],[2,4],[2,3]]","[[1,0,0,0,0,0],[0,1,1,0,0,0],[0,0,1,0,0,0],[0,0,1,1,0,0],[0,1,1,0,1,0],[0,0,0,0,0,1]]",5.0,1.6049007625921133e-05,1.60490076259205e-05,1.60490076259205e-05,18,12,22,4,8,0.6666666666666664,0.0,1.7075472925031877e-06,90.0,1.7075472925031877e-06,7.300048299977711e-08,5.232193359403075,0.0,0.0,0.0,0.0,-7.030340347596616,-7.0302063869568165,0.26602342360194786,-1.674507997495578e-05,-7.028746994378727,-0.0015933532178893373,-7.006949286420016,-0.023391061176599948,-7.027873066219405,-0.0024672813772115276,-7.0302063869568165,-0.00013396063979964623
tfim_n6_t2_s20266760,20266760,6,2,13,B13,,0,"[[1,0],[2,0],[3,2],[4,0]]","[[1,1,1,0,1,0],[0,1,0,0,0,0],[0,0,1,1,0,0],[0,0,0,1,0,0],[0,0,0,0,1,0],[0,0,0,0,0,1]]",5.0,0.0024549809694250366,0.0024549809694250544,0.0024549809694250544,18,12,24,6,6,0.4999999999999997,8.537736462515939e-07,45.00000095454794,90.0,1.9090959104164224e-06,8.940696716308591e-08,5.1899153918975625,0.0,0.0,0.0,0.0,-7.030340347596616,-7.030224650760854,0.26600515979791073,-1.4462104470314152e-05,-7.025703790485672,-0.0046365571109445725,-7.000369208887005,-0.029971138709611544,-7.025942478292322,-0.004397869304294311,-7.030224650760854,-0.00011569683576251322
tfim_n6_t2_s20266760,20266760,6,2,14,B14,osr_only,0,"[[2,0],[1,5],[0,4],[4,2]]","[[1,0,1,0,0,0],[0,1,0,0,0,0],[1,0,0,0,1,0],[0,0,0,1,0,0],[1,0,1,0,1,0],[0,1,0,0,0,1]]",12.0,0.0024172028939396665,0.0024172028939396495,0.0024172028939396495,18,12,26,8,4,0.3333333333333333,0.0,89.99999999999997,90.0,8.537736462515939e-07,2.1073424255447054e-08,4.472555532155546,0.0,0.0,0.0,0.0,-7.030340347596616,-7.0302385290122285,0.26599128154653595,-1.272732304846702e-05,-7.027999573947497,-0.002340773649119221,-7.000309342685357,-0.030031004911259096,-7.026140437812864,-0.004199909783752176,-7.0302385290122285,-0.00010181858438773617
tfim_n6_t2_s20266760,20266760,6,2,15,B15,,0,"[[1,3],[5,3],[1,3],[3,4]]","[[1,0,0,0,0,0],[0,1,0,0,0,0],[0,0,1,0,0,0],[0,0,0,1,0,1],[0,0,0,1,1,1],[0,0,0,0,0,1]]",3.0,0.00012394210464129746,0.00012394210464129754,0.00012394210464129754,18,12,22,4,8,0.6666666666666665,0.0,1.166276489861346e-06,90.0,1.9090959104164224e-06,6.989264130329235e-08,5.045869906887932,0.0,0.0,0.0,0.0,-7.030340347596616,-7.030201941712331,0.26602786884643326,-1.7300735535630274e-05,-7.02680044692774,-0.003539900668876328,-6.996879037932274,-0.03346130966434213,-7.026845767457149,-0.0034945801394670184,-7.030201941712331,-0.0001384058842850422
tfim_n6_t2_s20266760,20266760,6,2,16,B16,,0,"[[3,4],[0,5],[4,2],[5,4]]","[[1,0,0,0,0,0],[0,1,0,0,0,0],[0,0,1,1,1,0],[0,0,0,1,0,0],[1,0,0,1,1,1],[1,0,0,0,0,1]]",9.0,0.009444216805999796,0.009444216805999816,0.009444216805999816,18,12,26,8,4,0.33333333333333304,0.0,89.99999999999997,90.0,2.2588727439225506e-06,8.161702118890969e-08,4.976707936705245,0.0,0.0,0.0,0.0,-7.030340347596616,-7.030995343020418,0.26523446753834623,8.187442797524813e-05,-7.0241449815515855,-0.006195366045030681,-7.000540855180171,-0.029799492416445084,-7.026383094434801,-0.003957253161814833,-7.030995343020418,0.0006549954238019851
tfim_n6_t2_s20266797,20266797,6,2,0,identity,identity,0,"[[0,1],[0,1],[0,1],[0,1]]","[[1,0,0,0,0,0],[0,1,0,0,0,0],[0,0,1,0,0,0],[0,0,0,1,0,0],[0,0,0,0,1,0],[0,0,0,0,0,1]]",0.0,2.6621419059428426e-26,5.482134446651219e-26,0.0,18,12,18,0,12,0.9999999999999997,0.0,4.2688682312579694e-07,1.7075472925031877e-06,1.7075472925031877e-06,7.884953353001445e-08,5.58082788373401,0.0,0.0,0.0,0.0,-7.030340347596625,-7.030192698897018,0.2660371116617286,-1.84560874508799e-05,-7.030340347596119,-5.062616992290714e-13,-7.010623267290201,-0.019717080306423718,-7.026807679721669,-0.003532667874956097,-7.030192698897018,-0.0001476486996070392
tfim_n6_t2_s20266797,20266797,6,2,1,B01,,0,"[[5,4],[4,2],[5,1],[3,1]]","[[1,0,0,0,0,0],[0,1,0,1,0,1],[0,0,1,0,1,1],[0,0,0,1,0,0],[0,0,0,0,1,1],[0,0,0,0,0,1]]",6.0,0.01547400944924957,0.015474009449249511,0.015474009449249511,18,12,24,6,6,0.49999999999999994,0.0,45.00000060370912,90.0,1.2074182697257333e-06,4.2146848510894035e-08,5.700914710636702,0.0,0.0,0.0,0.0,-7.030340347596625,-7.032971739596587,0.26325807096215925,0.00032892399999528976,-7.028662757070338,-0.0016775905262873536,-7.00193992543655,-0.028400422160075323,-7.027502653306001,-0.002837694290623638,-7.032971739596587,0.002631391999962318
tfim_n6_t2_s20266797,20266797,6,2,2,B02,,0,"[[3,0],[2,0],[0,3],[4,5]]","[[1,0,1,1,0,0],[0,1,0,0,0,0],[0,0,1,0,0,0],[1,0,1,0,0,0],[0,0,0,0,1,0],[0,0,0,0,1,1]]",7.0,0.04884718550872119,0.04884718550872124,0.04884718550872124,18,12,22,4,8,0.6666666666666664,0.0,1.4574827811144605e-06,89.99999999999999,2.091309789151873e-06,8.94069671630859e-08,5.18009484150365,0.0,0.0,0.0,0.0,-7.030340347596625,-7.071974998507869,0.22425481205087738,0.005204331363905523,-7.029380124509907,-0.0009602230867180594,-7.016212476484004,-0.01412787111262137,-7.034689823211847,0.0043494756152222536,-7.071974998507869,0.041634650911244186
tfim_n6_t2_s20266797,20266797,6,2,3,B03,,1,"[[2,3],[4,0],[4,2],[4,2]]","[[1,0,0,0,1,0],[0,1,0,0,0,0],[0,0,1,0,0,0],[0,0,1,1,0,0],[0,0,0,0,1,0],[0,0,0,0,0,1]]",5.0,3.939097809219702e-26,5.48201446020883e-26,0.0,18,12,20,2,10,0.8333333333333327,0.0,1.808321601459805e-06,89.99999999999999,2.091309789151873e-06,1.192092895507812e-07,4.6768245787942675,0.0,0.0,0.0,0.0,-7.030340347596625,-7.030221104546604,0.2660087060121423,-1.4905381252594552e-05,-7.030340347596129,-4.9649173661237e-13,-7.015453651930624,-0.014886695666000982,-7.0277498930555184,-0.0025904545411066238,-7.030221104546604,-0.00011924305002075641
tfim_n6_t2_s20266797,20266797,6,2,4,B04,,0,"[[5,0],[5,0],[0,3],[3,1]]","[[1,0,0,0,0,0],[1,1,0,1,0,0],[0,0,1,0,0,0],[1,0,0,1,0,0],[0,0,0,0,1,0],[0,0,0,0,0,1]]",5.0,0.047610999855149966,0.04761099985515003,0.04761099985515003,18,12,22,4,8,0.6666666666666664,0.0,1.7075472925031877e-06,90.0,2.091309789151873e-06,7.884953353001444e-08,5.698613386271771,0.0,0.0,0.0,0.0,-7.030340347596625,-7.089677100835392,0.20655270972335504,0.007417094154845816,-7.030531559558874,0.00019121196224869408,-7.006032587848847,-0.02430775974777788,-7.03391193304735,0.003571585450725223,-7.089677100835392,0.059336753238766526
tfim_n6_t2_s20266797,20266797,6,2,5,B05,,0,"[[3,5],[5,3],[1,5],[1,2]]","[[1,0,0,0,0,0],[0,1,0,0,0,0],[0,1,1,0,0,0],[0,0,0,0,0,1],[0,0,0,0,1,0],[0,1,0,1,0,1]]",6.0,0.00025964044335958825,0.00025964044335959107,0.00025964044335959107,18,12,22,4,8,0.6666666666666666,0.0,8.537736462515939e-07,90.0,1.4787793334710982e-06,4.7121609153872417e-08,5.533189524870058,0.0,0.0,0.0,0.0,-7.030340347596625,-7.0302497322081035,0.2659800783506432,-1.1326923565202485e-05,-7.0273352194315,-0.0030051281651246597,-7.0099845931810965,-0.020355754415528615,-7.027997381084509,-0.0023429665121161847,-7.0302497322081035,-9.061538852161988e-05
tfim_n6_t2_s20266797,20266797,6,2,6,B06,osr_only,1,"[[2,4],[2,1],[4,0],[0,5]]","[[1,0,1,0,1,0],[0,1,1,0,0,0],[0,0,1,0,0,0],[0,0,0,1,0,0],[0,0,1,0,1,0],[1,0,1,0,1,1]]",12.0,1.3691663647447218e-26,5.482328698014687e-26,0.0,18,12,24,6,6,0.49999999999999956,0.0,45.00000120741826,90.0,2.4148365394514667e-06,1.0323827311807134e-07,5.180094841503639,0.0,0.0,0.0,0.0,-7.030340347596625,-7.030274734542876,0.2659550760158709,-8.201631718662838e-06,-7.030340347596283,-3.419486915845482e-13,-7.015895834453414,-0.014444513143210713,-7.028521240440627,-0.0018191071559980898,-7.030274734542876,-6.561305374930271e-05
tfim_n6_t2_s20266797,20266797,6,2,7,B07,,0,"[[3,0],[1,5],[2,3],[4,2]]","[[1,0,0,1,0,0],[0,1,0,0,0,0],[0,0,1,0,1,0],[0,0,1,1,0,0],[0,0,0,0,1,0],[0,1,0,0,0,1]]",10.0,0.04106500207099414,0.04106500207099408,0.04106500207099408,18,12,26,8,4,0.3333333333333332,0.0,89.99999999999997,90.0,1.7075472925031877e-06,5.1619136559035694e-08,5.805749408360398,0.0,0.0,0.0,0.0,-7.030340347596625,-7.048908788155544,0.2473210224032023,0.002321055069864908,-7.0292578298260455,-0.0010825177705795497,-7.003373314100229,-0.026967033496395842,-7.031504512112888,0.0011641645162629999,-7.048908788155544,0.018568440558919264
tfim_n6_t2_s20266797,20266797,6,2,8,B08,pauli_only;projection;oracle,0,"[[2,3],[4,2],[3,0],[5,2]]","[[1,0,1,1,0,0],[0,1,0,0,0,0],[0,0,1,0,1,1],[0,0,1,1,0,0],[0,0,0,0,1,0],[0,0,0,0,0,1]]",7.0,0.543967791019573,0.5439677910195729,0.5439677910195729,18,12,24,6,6,0.4999999999999998,0.0,45.00000095454794,90.0,1.9090959104164224e-06,6.989264130329233e-08,4.67682457879427,0.0,0.0,0.0,0.0,-7.030340347596625,-7.128635234515384,0.1675945760433626,0.012286860864844873,-7.040228497520751,0.009888149924125678,-7.048424860738626,0.01808451314200088,-7.089780320346053,0.059439972749427916,-7.128635234515384,0.09829488691875898
tfim_n6_t2_s20266797,20266797,6,2,9,B09,,0,"[[5,4],[4,3],[4,0],[3,1]]","[[1,0,0,0,1,1],[0,1,0,1,1,1],[0,0,1,0,0,0],[0,0,0,1,1,1],[0,0,0,0,1,1],[0,0,0,0,0,1]]",7.0,0.0065613146622254094,0.006561314662225387,0.006561314662225387,18,12,22,4,8,0.6666666666666663,0.0,1.7075472925031877e-06,89.99999999999999,2.091309789151873e-06,9.42432183077448e-08,5.70091471063669,0.0,0.0,0.0,0.0,-7.030340347596625,-7.03188642900611,0.2643433815526368,0.00019326017618559455,-7.030066669228652,-0.0002736783679733179,-7.005072114625683,-0.025268232970941717,-7.028837214703218,-0.0015031328934069776,-7.03188642900611,0.0015460814094847564
tfim_n6_t2_s20266797,20266797,6,2,10,B10,,0,"[[5,3],[3,5],[4,1],[1,0]]","[[1,1,0,0,1,0],[0,1,0,0,1,0],[0,0,1,0,0,0],[0,0,0,1,0,1],[0,0,0,0,1,0],[0,0,0,1,0,0]]",8.0,0.0002571922185757646,0.00025719221857576773,0.00025719221857576773,18,12,22,4,8,0.6666666666666662,0.0,1.9090959104164224e-06,89.99999999999999,1.9090959104164224e-06,1.0950072449966565e-07,5.613701801402454,0.0,0.0,0.0,0.0,-7.030340347596625,-7.030499136010776,0.26573067454797084,1.9848551768841816e-05,-7.028996305973027,-0.0013440416235983577,-7.007100173995203,-0.023240173601422498,-7.028264805911907,-0.0020755416847180186,-7.030499136010776,0.00015878841415073452
tfim_n6_t2_s20266797,20266797,6,2,11,B11,,0,"[[5,3],[1,5],[2,0],[1,4]]","[[1,0,1,0,0,0],[0,1,0,0,0,0],[0,0,1,0,0,0],[0,0,0,1,0,1],[0,1,0,0,1,0],[0,1,0,0,0,1]]",8.0,0.008054692534372436,0.008054692534372453,0.008054692534372453,18,12,24,6,6,0.5,0.0,45.00000042688681,90.0,8.537736462515939e-07,2.9802322387695326e-08,5.7547301351125855,0.0,0.0,0.0,0.0,-7.030340347596625,-7.030729851595311,0.2654999589634359,4.868799983570593e-05,-7.027321194121017,-0.003019153475608327,-7.002707958663894,-0.02763238893273101,-7.026938262775283,-0.0034020848213422994,-7.030729851595311,0.00038950399868564745
tfim_n6_t2_s20266797,20266797,6,2,12,B12,,0,"[[5,2],[5,0],[4,2],[3,4]]","[[1,0,0,0,0,1],[0,1,0,0,0,0],[0,0,1,0,1,1],[0,0,0,1,0,0],[0,0,0,1,1,0],[0,0,0,0,0,1]]",8.0,0.04581838106150354,0.04581838106150356,0.04581838106150356,18,12,24,6,6,0.4999999999999997,8.537736462515939e-07,45.00000095454794,90.0,1.9090959104164224e-06,8.429369702178804e-08,5.700914710636692,0.0,0.0,0.0,0.0,-7.030340347596625,-7.049212217893948,0.2470175926647986,0.0023589837871653696,-7.029852926891093,-0.0004874207055323154,-7.002472004550676,-0.027868343045948762,-7.0313626945933425,0.0010223469967174381,-7.049212217893948,0.018871870297322957
tfim_n6_t2_s20266797,20266797,6,2,13,B13,,0,"[[4,3],[2,4],[3,5],[4,2]]","[[1,0,0,0,0,0],[0,1,0,0,0,0],[0,0,0,0,1,0],[0,0,0,1,1,0],[0,0,1,0,1,0],[0,0,0,1,1,1]]",6.0,0.037162878493055156,0.037162878493055065,0.037162878493055065,18,12,22,4,8,0.6666666666666665,0.0,1.2074182697257333e-06,90.0,1.7075472925031877e-06,6.664001874625054e-08,5.70091471063669,0.0,0.0,0.0,0.0,-7.030340347596625,-7.037774061101828,0.2584557494569184,0.0009292141881503957,-7.0293229407894255,-0.001017406807199528,-7.004187497083209,-0.02615285051341587,-7.029958819043195,-0.00038152855343032144,-7.037774061101828,0.0074337135052031655
tfim_n6_t2_s20266797,20266797,6,2,14,B14,,0,"[[5,2],[3,4],[3,5],[4,1]]","[[1,0,0,0,0,0],[0,1,0,1,1,0],[0,0,1,0,0,1],[0,0,0,1,0,0],[0,0,0,1,1,0],[0,0,0,1,0,1]]",8.0,0.12382874174446615,0.12382874174446593,0.12382874174446593,18,12,24,6,6,0.4999999999999997,0.0,45.00000095454794,90.0,1.9090959104164224e-06,8.16170211889097e-08,5.700914710636699,0.0,0.0,0.0,0.0,-7.030340347596625,-7.057089516469614,0.2391402940891325,0.0033436461091236325,-7.032684597479329,0.002344249882703764,-7.008026176256684,-0.02231417133994107,-7.035725507476809,0.005385159880184176,-7.057089516469614,0.02674916887298906
tfim_n6_t2_s20266797,20266797,6,2,15,B15,,0,"[[0,1],[0,4],[3,4],[5,1]]","[[1,0,0,0,0,0],[1,1,0,0,0,1],[0,0,1,0,0,0],[0,0,0,1,0,0],[1,0,0,1,1,0],[0,0,0,0,0,1]]",8.0,2.0368245421691154e-05,2.0368245421691876e-05,2.0368245421691876e-05,18,12,24,6,6,0.5,0.0,44.999999999999986,90.0,2.842170943040401e-14,1.029484162469617e-15,5.652251281751959,0.0,0.0,0.0,0.0,-7.030340347596625,-7.030192176184707,0.2660376343740394,-1.852142648972599e-05,-7.028040628749887,-0.0022997188467384078,-6.994455277886093,-0.03588506971053196,-7.025376754827597,-0.0049635927690276915,-7.030192176184707,-0.00014817141191780792
tfim_n6_t2_s20266797,20266797,6,2,16,B16,,0,"[[4,1],[4,2],[3,1],[0,5]]","[[1,0,0,0,0,0],[0,1,0,1,1,0],[0,0,1,0,1,0],[0,0,0,1,0,0],[0,0,0,0,1,0],[1,0,0,0,0,1]]",9.0,0.006561314662225418,0.006561314662225421,0.006561314662225421,18,12,24,6,6,0.4999999999999997,0.0,45.000001045654884,90.0,2.091309789151873e-06,7.884953353001444e-08,5.5319103802255345,0.0,0.0,0.0,0.0,-7.030340347596625,-7.032129102448616,0.26410070811013053,0.0002235943564988796,-7.030066669042166,-0.0002736785544588116,-7.009577393061473,-0.020762954535151756,-7.02915842774253,-0.0011819198540949927,-7.032129102448616,0.0017887548519910368
tfim_n6_t2_s20266834,20266834,6,2,0,identity,identity,0,"[[0,1],[0,1],[0,1],[0,1]]","[[1,0,0,0,0,0],[0,1,0,0,0,0],[0,0,1,0,0,0],[0,0,0,1,0,0],[0,0,0,0,1,0],[0,0,0,0,0,1]]",0.0,7.361453459280222e-27,1.2169150854450048e-26,0.0,18,12,18,0,12,1.0,0.0,0.0,1.4787793334710982e-06,1.4787793334710982e-06,5.161913655903568e-08,5.274971054642556,0.0,0.0,0.0,0.0,-7.030340347596616,-7.030169602473376,0.2660602080853849,-2.1343140405027938e-05,-7.030340347596492,-1.2434497875801753e-13,-7.011033070225218,-0.019307277371398257,-7.028025239052612,-0.0023151085440042962,-7.030169602473376,-0.0001707451232402235
tfim_n6_t2_s20266834,20266834,6,2,1,B01,,0,"[[4,0],[4,5],[0,1],[5,4]]","[[1,0,0,0,1,0],[1,1,0,0,1,0],[0,0,1,0,0,0],[0,0,0,1,0,0],[0,0,0,0,0,1],[0,0,0,0,1,1]]",7.0,1.3897915821977647e-27,1.2189271724832582e-26,1.179088293007954e-29,18,12,22,4,8,0.6666666666666666,0.0,4.2688682312579694e-07,89.99999999999999,1.4787793334710982e-06,4.2146848510894035e-08,5.125595010085498,0.0,0.0,0.0,0.0,-7.030340347596616,-7.030214038291297,0.26601577226746365,-1.578866316487293e-05,-7.030340347596548,-6.838973831690964e-14,-7.014383666048843,-0.015956681547772966,-7.0281202679126125,-0.0022200796840037285,-7.030214038291297,-0.00012630930531898343
tfim_n6_t2_s20266834,20266834,6,2,2,B02,,0,"[[2,0],[0,3],[4,1],[5,2]]","[[1,0,1,0,0,0],[0,1,0,0,1,0],[0,0,1,0,0,1],[1,0,1,1,0,0],[0,0,0,0,1,0],[0,0,0,0,0,1]]",11.0,0.031366119251378326,0.031366119251378353,0.031366119251378353,18,12,26,8,4,0.3333333333333333,0.0,89.99999999999997,90.0,2.842170943040401e-14,1.3489021514738252e-15,4.770236922325467,0.0,0.0,0.0,0.0,-7.030340347596616,-7.039202490665987,0.2570273198927735,0.0011077678836713956,-7.02875191138334,-0.0015884362132760899,-7.010529763487879,-0.01981058410873704,-7.029930834976843,-0.0004095126197736221,-7.039202490665987,0.008862143069371164
tfim_n6_t2_s20266834,20266834,6,2,3,B03,,0,"[[5,0],[4,2],[2,0],[5,4]]","[[1,0,1,0,1,1],[0,1,0,0,0,0],[0,0,1,0,1,0],[0,0,0,1,0,0],[0,0,0,0,1,1],[0,0,0,0,0,1]]",7.0,0.013232666120339338,0.013232666120339343,0.013232666120339343,18,12,24,6,6,0.5,0.0,44.99999999999998,90.0,4.263256414560601e-14,1.475166005475218e-15,5.474747605608376,0.0,0.0,0.0,0.0,-7.030340347596616,-7.0307523553995654,0.2654774551591954,5.150097536865683e-05,-7.026633636770439,-0.0037067108261767956,-6.998789334736056,-0.03155101286056006,-7.027083202886042,-0.0032571447105738116,-7.0307523553995654,0.00041200780294925465
tfim_n6_t2_s20266834,20266834,6,2,4,B04,osr_only,1,"[[2,0],[5,0],[1,5],[4,1]]","[[1,0,1,0,0,1],[0,1,0,0,1,0],[0,0,1,0,0,0],[0,0,0,1,0,0],[0,0,0,0,1,0],[0,1,0,0,0,1]]",12.0,0.005956068834945819,0.005956068834945813,0.005956068834945813,18,12,26,8,4,0.3333333333333333,0.0,89.99999999999997,90.0,4.263256414560601e-14,1.7740649657895764e-15,5.358456010087909,0.0,0.0,0.0,0.0,-7.030340347596616,-7.030425661216063,0.26580414934269747,1.066420243089894e-05,-7.028436976050653,-0.0019033715459633171,-7.002945454440586,-0.027394893156030165,-7.026593274557738,-0.0037470730388777795,-7.030425661216063,8.531361944719151e-05
tfim_n6_t2_s20266834,20266834,6,2,5,B05,,0,"[[1,4],[3,2],[1,2],[3,1]]","[[1,0,0,0,0,0],[0,1,0,1,0,0],[0,1,1,1,0,0],[0,0,0,1,0,0],[0,1,0,0,1,0],[0,0,0,0,0,1]]",5.0,6.56419606019502e-27,1.2159522265822147e-26,0.0,18,12,22,4,8,0.6666666666666666,0.0,0.0,90.0,8.537736462515939e-07,2.107342425544703e-08,5.285779111056967,0.0,0.0,0.0,0.0,-7.030340347596616,-7.030189063709053,0.2660407468497077,-1.891048594537814e-05,-7.030340347596503,-1.127986593019159e-13,-7.011079784413485,-0.019260563183131296,-7.027750161284681,-0.0025901863119353052,-7.030189063709053,-0.00015128388756302513
tfim_n6_t2_s20266834,20266834,6,2,6,B06,,0,"[[0,1],[4,0],[4,2],[5,4]]","[[1,0,0,0,1,0],[1,1,0,0,0,0],[0,0,1,0,1,0],[0,0,0,1,0,0],[0,0,0,0,1,1],[0,0,0,0,0,1]]",6.0,1.389635210964159e-27,1.2184966661896256e-26,7.485819993754446e-30,18,12,22,4,8,0.6666666666666666,0.0,0.0,90.0,2.842170943040401e-14,7.525366626951859e-16,5.125595010085498,0.0,0.0,0.0,0.0,-7.030340347596616,-7.030217485041591,0.2660123255171696,-1.5357819378114534e-05,-7.0303403475965425,-7.37188088351104e-14,-7.014075905651299,-0.016264441945317287,-7.028027673012283,-0.002312674584333152,-7.030217485041591,-0.00012286255502491628
tfim_n6_t2_s20266834,20266834,6,2,7,B07,pauli_only;projection;oracle,0,"[[2,5],[0,5],[0,2],[1,3]]","[[1,0,0,0,0,0],[0,1,0,0,0,0],[1,0,1,0,0,0],[0,1,0,1,0,0],[0,0,0,0,1,0],[1,0,1,0,0,1]]",7.0,0.11395246702572483,0.11395246702572467,0.11395246702572467,18,12,24,6,6,0.49999999999999983,0.0,45.000000954547936,90.0,1.9090959104164224e-06,6.322027276634103e-08,5.410266746697548,0.0,0.0,0.0,0.0,-7.030340347596616,-7.066532142762611,0.22969766779614975,0.004523974395749364,-7.030445441701342,0.00010509410472536729,-7.002237663904948,-0.02810268369166824,-7.034335302893145,0.003994955296528602,-7.066532142762611,0.03619179516599491
tfim_n6_t2_s20266834,20266834,6,2,8,B08,,0,"[[4,1],[4,5],[1,5],[4,5]]","[[1,0,0,0,0,0],[0,1,0,0,1,0],[0,0,1,0,0,0],[0,0,0,1,0,0],[0,0,0,0,1,0],[0,1,0,0,1,1]]",7.0,7.109233988650337e-27,1.2155018376654977e-26,0.0,18,12,22,4,8,0.6666666666666666,0.0,0.0,90.0,1.4787793334710982e-06,3.6500241499888574e-08,5.1629230033972,0.0,0.0,0.0,0.0,-7.030340347596616,-7.0301985897510635,0.26603122080769737,-1.7719730694087943e-05,-7.030340347596501,-1.1546319456101628e-13,-7.011630331753593,-0.018710015843023342,-7.027888469375924,-0.0024518782206923717,-7.0301985897510635,-0.00014175784555270354
tfim_n6_t2_s20266834,20266834,6,2,9,B09,,0,"[[4,0],[4,3],[4,2],[2,4]]","[[1,0,0,0,1,0],[0,1,0,0,0,0],[0,0,1,0,1,0],[0,0,0,1,1,0],[0,0,1,0,0,0],[0,0,0,0,0,1]]",6.0,7.04522205633664e-27,1.2219215610056182e-26,4.173476815368036e-29,18,12,22,4,8,0.6666666666666666,0.0,8.537736462515939e-07,89.99999999999999,1.4787793334710982e-06,4.712160915387242e-08,5.474747605608382,0.0,0.0,0.0,0.0,-7.030340347596616,-7.0302222723961565,0.26600753816260436,-1.4759400057462457e-05,-7.030340347596503,-1.127986593019159e-13,-7.015353292280538,-0.014987055316078468,-7.027901014126352,-0.002439333470264593,-7.0302222723961565,-0.00011807520045969966
tfim_n6_t2_s20266834,20266834,6,2,10,B10,,0,"[[5,0],[4,0],[2,5],[3,5]]","[[1,0,0,0,1,1],[0,1,0,0,0,0],[0,0,1,0,0,0],[0,0,0,1,0,0],[0,0,0,0,1,0],[0,0,1,1,0,1]]",8.0,4.5733343805749286e-27,1.2146806842096007e-26,0.0,18,12,26,8,4,0.3333333333333333,0.0,89.99999999999997,90.0,4.263256414560601e-14,1.6114067819483216e-15,5.558756076816143,0.0,0.0,0.0,0.0,-7.030340347596616,-7.030218549648244,0.26601126091051697,-1.5224743546538022e-05,-7.03034034759651,-1.0658141036401503e-13,-7.016311974597674,-0.014028372998942551,-7.027630162194581,-0.002710185402035492,-7.030218549648244,-0.00012179794837230418
tfim_n6_t2_s20266834,20266834,6,2,11,B11,,0,"[[0,1],[3,4],[1,4],[0,1]]","[[1,0,0,0,0,0],[0,1,0,0,0,0],[0,0,1,0,0,0],[0,0,0,1,0,0],[1,1,0,1,1,0],[0,0,0,0,0,1]]",4.0,4.102747149662845e-05,4.1027471496628706e-05,4.1027471496628706e-05,18,12,24,6,6,0.49999999999999994,0.0,45.00000085377363,90.0,1.7075472925031877e-06,4.214684851089403e-08,5.285779111056945,0.0,0.0,0.0,0.0,-7.030340347596616,-7.030212228341043,0.2660175822177182,-1.6014906946693053e-05,-7.028085405029715,-0.0022549425669016188,-6.994620598965321,-0.03571974863129501,-7.025356414953579,-0.004983932643036759,-7.030212228341043,-0.00012811925557354442
tfim_n6_t2_s20266834,20266834,6,2,12,B12,,0,"[[4,0],[3,2],[2,0],[1,4]]","[[1,0,1,1,1,0],[0,1,0,0,0,0],[0,0,1,1,0,0],[0,0,0,1,0,0],[0,1,0,0,1,0],[0,0,0,0,0,1]]",8.0,0.005956068834945828,0.005956068834945806,0.005956068834945806,18,12,24,6,6,0.5,0.0,44.99999999999997,90.0,5.684341886080802e-14,1.5804226350509634e-15,4.577009511746842,0.0,0.0,0.0,0.0,-7.030340347596616,-7.030410307977253,0.26581950258150755,8.74504757963912e-06,-7.028436975828982,-0.001903371767633999,-7.000998224065236,-0.029342123531380437,-7.026752900904987,-0.003587446691629026,-7.030410307977253,6.996038063711296e-05
tfim_n6_t2_s20266834,20266834,6,2,13,B13,,1,"[[1,0],[2,0],[5,2],[5,2]]","[[1,1,1,0,0,0],[0,1,0,0,0,0],[0,0,1,0,0,0],[0,0,0,1,0,0],[0,0,0,0,1,0],[0,0,0,0,0,1]]",2.0,0.0059560688349458305,0.005956068834945806,0.005956068834945806,18,12,20,2,10,0.8333333333333334,0.0,0.0,89.99999999999999,1.4787793334710982e-06,3.650024149988857e-08,5.410266746697528,0.0,0.0,0.0,0.0,-7.030340347596616,-7.03035676907498,0.2658730414837809,2.0526847954727145e-06,-7.028436976076868,-0.001903371519747843,-6.998855544048336,-0.031484803548280205,-7.025621654117647,-0.004718693478968916,-7.03035676907498,1.6421478363781716e-05
tfim_n6_t2_s20266834,20266834,6,2,14,B14,,0,"[[4,1],[5,2],[3,1],[5,1]]","[[1,0,0,0,0,0],[0,1,0,1,1,1],[0,0,1,0,0,1],[0,0,0,1,0,0],[0,0,0,0,1,0],[0,0,0,0,0,1]]",6.0,0.01011258603834314,0.010112586038343137,0.010112586038343137,18,12,24,6,6,0.5,0.0,45.00000060370911,90.0,1.2074182697257333e-06,2.980232238769533e-08,5.348776296417885,0.0,0.0,0.0,0.0,-7.030340347596616,-7.03348140176788,0.26274840879088046,0.0003926317714080252,-7.030365104178151,2.4756581535001487e-05,-7.0105154286123135,-0.01982491898430272,-7.028187053496483,-0.0021532941001334294,-7.03348140176788,0.0031410541712642015
tfim_n6_t2_s20266834,20266834,6,2,15,B15,,0,"[[1,5],[1,3],[4,2],[1,4]]","[[1,0,0,0,0,0],[0,1,0,0,0,0],[0,0,1,0,1,0],[0,1,0,1,0,0],[0,1,0,0,1,0],[0,1,0,0,0,1]]",6.0,0.007276597285393538,0.007276597285393507,0.007276597285393507,18,12,22,4,8,0.6666666666666666,0.0,0.0,90.0,8.537736462515939e-07,2.107342425544703e-08,5.162923003397198,0.0,0.0,0.0,0.0,-7.030340347596616,-7.030534203700693,0.2656956068580678,2.4232013009606312e-05,-7.028536005817445,-0.0018043417791711036,-7.0005203302969665,-0.02982001729964967,-7.027016934707862,-0.0033234128887542624,-7.030534203700693,0.0001938561040768505
tfim_n6_t2_s20266834,20266834,6,2,16,B16,,0,"[[0,2],[2,0],[5,1],[2,5]]","[[0,0,1,0,0,0],[0,1,0,0,0,1],[1,0,1,0,0,0],[0,0,0,1,0,0],[0,0,0,0,1,0],[1,0,1,0,0,1]]",11.0,0.005956068834945834,0.005956068834945828,0.005956068834945828,18,12,24,6,6,0.49999999999999994,0.0,45.00000073938965,89.99999999999999,1.4787793334710982e-06,4.214684851089405e-08,5.361697593592877,0.0,0.0,0.0,0.0,-7.030340347596616,-7.0304271273060435,0.2658026832527174,1.0847463678409497e-05,-7.028436976101953,-0.0019033714946630198,-7.003953158512618,-0.026387189083997953,-7.027320131267494,-0.003020216329121972,-7.0304271273060435,8.677970942727598e-05
tfim_n6_t2_s20266871,20266871,6,2,0,identity,identity,0,"[[0,1],[0,1],[0,1],[0,1]]","[[1,0,0,0,0,0],[0,1,0,0,0,0],[0,0,1,0,0,0],[0,0,0,1,0,0],[0,0,0,0,1,0],[0,0,0,0,0,1]]",0.0,8.047997177850646e-27,1.4751035476952008e-26,0.0,18,12,18,0,12,0.9999999999999997,0.0,0.0,2.091309789151873e-06,2.091309789151873e-06,7.30004829997771e-08,4.450209083843315,0.0,0.0,0.0,0.0,-7.030340347596616,-7.03026464168971,0.26596516886908006,-9.463238363260906e-06,-7.0303403475965265,-8.970602038971265e-14,-7.013008738081846,-0.017331609514769752,-7.0287930434805865,-0.0015473041160296575,-7.03026464168971,-7.570590690608725e-05
tfim_n6_t2_s20266871,20266871,6,2,1,B01,,1,"[[4,3],[3,0],[3,2],[2,5]]","[[1,0,0,1,1,0],[0,1,0,0,0,0],[0,0,1,1,1,0],[0,0,0,1,1,0],[0,0,0,0,1,0],[0,0,1,1,1,1]]",7.0,0.0447379302596393,0.04473793025963928,0.04473793025963928,18,12,24,6,6,0.4999999999999997,0.0,45.00000128066045,90.0,2.561320938754782e-06,8.161702118890967e-08,4.542329124606477,0.0,0.0,0.0,0.0,-7.030340347596616,-7.038579767835009,0.2576500427237809,0.001029927529799135,-7.0264940964303095,-0.003846251166306658,-7.010765201646485,-0.019575145950130768,-7.029695523627776,-0.0006448239688401358,-7.038579767835009,0.00823942023839308
tfim_n6_t2_s20266871,20266871,6,2,2,B02,,0,"[[0,2],[4,2],[0,1],[5,1]]","[[1,0,0,0,0,0],[1,1,0,0,0,1],[1,0,1,0,1,0],[0,0,0,1,0,0],[0,0,0,0,1,0],[0,0,0,0,0,1]]",8.0,0.19679572634500403,0.19679572634500406,0.19679572634500406,18,12,24,6,6,0.4999999999999996,0.0,45.00000159726422,90.0,3.1945284701301985e-06,9.424321830774474e-08,4.400160527143268,0.0,0.0,0.0,0.0,-7.030340347596616,-7.069951973167865,0.2262778373909251,0.004951453196406108,-7.032383366838468,0.0020430192418521287,-7.019305402136838,-0.011034945459778456,-7.042430194998772,0.012089847402156018,-7.069951973167865,0.039611625571248865
tfim_n6_t2_s20266871,20266871,6,2,3,B03,,0,"[[4,2],[5,3],[5,4],[0,5]]","[[1,0,0,0,0,0],[0,1,0,0,0,0],[0,0,1,0,1,0],[0,0,0,1,0,1],[0,0,0,0,1,1],[1,0,0,0,0,1]]",9.0,0.022955000297071215,0.02295500029707118,0.02295500029707118,18,12,24,6,6,0.49999999999999983,0.0,45.000000853773635,90.0,1.7075472925031877e-06,5.96046447753906e-08,4.400160527143263,0.0,0.0,0.0,0.0,-7.030340347596616,-7.040152839570041,0.25607697098874915,0.0012265614966781024,-7.028947464595835,-0.0013928830007809978,-7.015819144027968,-0.014521203568648389,-7.031388450745439,0.0010481031488227543,-7.040152839570041,0.00981249197342482
tfim_n6_t2_s20266871,20266871,6,2,4,B04,,0,"[[3,4],[2,4],[0,2],[2,5]]","[[1,0,0,0,0,0],[0,1,0,0,0,0],[1,0,1,0,0,0],[0,0,0,1,0,0],[0,0,1,1,1,0],[1,0,1,0,0,1]]",7.0,0.0017434735731033967,0.0017434735731033904,0.0017434735731033904,18,12,24,6,6,0.49999999999999956,0.0,45.000001045654884,90.0,2.091309789151873e-06,1.0745380149674378e-07,4.725382222702755,0.0,0.0,0.0,0.0,-7.030340347596616,-7.0302670232246705,0.2659627873341197,-9.165546493217214e-06,-7.026076682402718,-0.004263665193898092,-7.008236316174454,-0.02210403142216233,-7.026498162387958,-0.0038421852086578667,-7.0302670232246705,-7.332437194573771e-05
tfim_n6_t2_s20266871,20266871,6,2,5,B05,osr_only;pauli_only;projection,0,"[[3,2],[4,0],[1,4],[3,5]]","[[1,0,0,0,1,0],[0,1,0,0,0,0],[0,0,1,1,0,0],[0,0,0,1,0,0],[0,1,0,0,1,0],[0,0,0,1,0,1]]",10.0,0.5420503156697258,0.5420503156697262,0.5420503156697262,18,12,24,6,6,0.49999999999999983,0.0,45.000001129436356,90.0,2.2588727439225506e-06,5.575503985246925e-08,4.449068453125164,0.0,0.0,0.0,0.0,-7.030340347596616,-7.097273758226873,0.19895605233191738,0.008366676328782074,-7.038912517273097,0.00857216967648089,-7.04664296034501,0.01630261274839384,-7.081493727640029,0.051153380043412966,-7.097273758226873,0.0669334106302566
tfim_n6_t2_s20266871,20266871,6,2,6,B06,,0,"[[2,1],[2,3],[5,1],[0,4]]","[[1,0,0,0,0,0],[0,1,1,0,0,1],[0,0,1,0,0,0],[0,0,1,1,0,0],[1,0,0,0,1,0],[0,0,0,0,0,1]]",9.0,3.274469205109458e-05,3.2744692051095416e-05,3.2744692051095416e-05,18,12,24,6,6,0.49999999999999956,0.0,45.000001539162305,89.99999999999999,3.078324659199975e-06,9.657056180250426e-08,4.682467571017225,0.0,0.0,0.0,0.0,-7.030340347596616,-7.030190639681734,0.26603917087705575,-1.8713489360222546e-05,-7.028726956997257,-0.0016133905993589437,-7.011984038169277,-0.018356309427339568,-7.027621867830817,-0.0027184797657993087,-7.030190639681734,-0.00014970791488178037
tfim_n6_t2_s20266871,20266871,6,2,7,B07,oracle,0,"[[5,4],[4,3],[3,0],[3,1]]","[[1,0,0,1,1,1],[0,1,0,1,1,1],[0,0,1,0,0,0],[0,0,0,1,1,1],[0,0,0,0,1,1],[0,0,0,0,0,1]]",5.0,0.4143189425311867,0.41431894253118684,0.41431894253118684,18,12,22,4,8,0.6666666666666666,0.0,6.037091348628667e-07,90.0,1.2074182697257333e-06,4.214684851089403e-08,4.542329124606486,0.0,0.0,0.0,0.0,-7.030340347596616,-7.097715089861679,0.19851472069711118,0.008421842783132849,-7.035788269300644,0.005447921704027969,-7.04078783746287,0.010447489866253434,-7.082285611698152,0.051945264101536104,-7.097715089861679,0.06737474226506279
tfim_n6_t2_s20266871,20266871,6,2,8,B08,,0,"[[0,1],[2,3],[3,1],[2,3]]","[[1,0,0,0,0,0],[1,1,1,1,0,0],[0,0,1,0,0,0],[0,0,0,1,0,0],[0,0,0,0,1,0],[0,0,0,0,0,1]]",3.0,0.011277459230522017,0.011277459230522044,0.011277459230522044,18,12,22,4,8,0.6666666666666662,0.0,1.8994285408275304e-06,89.99999999999999,2.091309789151873e-06,1.1151007970493852e-07,4.725382222702755,0.0,0.0,0.0,0.0,-7.030340347596616,-7.037592932383637,0.25863687817515313,0.0009065730983776055,-7.029490231734704,-0.0008501158619118598,-7.0071626505822575,-0.023177697014358678,-7.029122968896443,-0.0012173787001730219,-7.037592932383637,0.007252584787020844
tfim_n6_t2_s20266871,20266871,6,2,9,B09,,0,"[[4,2],[3,0],[2,0],[5,3]]","[[1,0,1,1,1,0],[0,1,0,0,0,0],[0,0,1,0,1,0],[0,0,0,1,0,1],[0,0,0,0,1,0],[0,0,0,0,0,1]]",7.0,0.018838848308951685,0.018838848308951647,0.018838848308951647,18,12,26,8,4,0.3333333333333333,0.0,89.99999999999997,90.0,2.842170943040401e-14,1.2725471793330856e-15,4.542329124606484,0.0,0.0,0.0,0.0,-7.030340347596616,-7.044621569209841,0.2516082413489489,0.0017851527016531366,-7.026043239206417,-0.004297108390199256,-7.002587290274172,-0.027753057322444263,-7.029389242134857,-0.0009511054617590275,-7.044621569209841,0.014281221613225092
tfim_n6_t2_s20266871,20266871,6,2,10,B10,,1,"[[4,1],[2,5],[0,2],[4,2]]","[[1,0,0,0,0,0],[0,1,0,0,1,0],[1,0,1,0,1,0],[0,0,0,1,0,0],[0,0,0,0,1,0],[0,0,1,0,0,1]]",8.0,0.0446569163221813,0.04465691632218118,0.04465691632218118,18,12,24,6,6,0.4999999999999997,0.0,45.000001129436356,90.0,2.2588727439225506e-06,8.68879540986612e-08,4.0836381392789,0.0,0.0,0.0,0.0,-7.030340347596616,-7.0438263645557475,0.25240344600304265,0.001685752119891415,-7.030807420497972,0.0004670729013556141,-7.008677411741673,-0.021662935854942944,-7.030327507151377,-1.2840445239525877e-05,-7.0438263645557475,0.01348601695913132
tfim_n6_t2_s20266871,20266871,6,2,11,B11,,0,"[[1,3],[2,1],[2,5],[5,4]]","[[1,0,0,0,0,0],[0,1,1,0,0,0],[0,0,1,0,0,0],[0,1,0,1,0,0],[0,0,1,0,1,1],[0,0,1,0,0,1]]",7.0,0.0076731006528605985,0.0076731006528605135,0.0076731006528605135,18,12,22,4,8,0.6666666666666664,0.0,1.7075472925031877e-06,90.0,1.7075472925031877e-06,8.94069671630859e-08,4.737949937493671,0.0,0.0,0.0,0.0,-7.030340347596616,-7.031912244358231,0.26431756620055946,0.00019648709520181384,-7.0300392212907115,-0.0003011263059047309,-7.0061985843917425,-0.024141763204873712,-7.028806546106983,-0.0015338014896331131,-7.031912244358231,0.0015718967616145108
tfim_n6_t2_s20266871,20266871,6,2,12,B12,,0,"[[5,3],[0,3],[3,1],[3,2]]","[[1,0,0,0,0,0],[1,1,0,1,0,1],[1,0,1,1,0,1],[1,0,0,1,0,1],[0,0,0,0,1,0],[0,0,0,0,0,1]]",7.0,0.01202758497094915,0.012027584970949187,0.012027584970949187,18,12,24,6,6,0.49999999999999994,0.0,45.000000739389655,90.0,1.4787793334710982e-06,4.712160915387242e-08,4.682467571017222,0.0,0.0,0.0,0.0,-7.030340347596616,-7.031640998927301,0.26458881163148895,0.00016258141633562762,-7.026956878857349,-0.0033834687392673146,-7.0014413347935935,-0.02889901280302265,-7.0264386365873674,-0.003901711009248743,-7.031640998927301,0.001300651330685021
tfim_n6_t2_s20266871,20266871,6,2,13,B13,,0,"[[2,0],[2,5],[5,3],[1,3]]","[[1,0,1,0,0,0],[0,1,0,0,0,0],[0,0,1,0,0,0],[0,1,1,1,0,1],[0,0,0,0,1,0],[0,0,1,0,0,1]]",9.0,0.008339570016715668,0.008339570016715635,0.008339570016715635,18,12,24,6,6,0.4999999999999998,0.0,45.000000853773635,89.99999999999999,1.7075472925031877e-06,7.300048299977712e-08,4.682467571017216,0.0,0.0,0.0,0.0,-7.030340347596616,-7.031911904356297,0.26431790620249274,0.00019644459496015454,-7.028978017477525,-0.0013623301190914816,-7.004244366066766,-0.026095981529850043,-7.027572123131126,-0.0027682244654902988,-7.031911904356297,0.0015715567596812363
tfim_n6_t2_s20266871,20266871,6,2,14,B14,,0,"[[0,5],[2,3],[5,1],[4,5]]","[[1,0,0,0,0,0],[1,1,0,0,0,1],[0,0,1,0,0,0],[0,0,1,1,0,0],[0,0,0,0,1,0],[1,0,0,0,1,1]]",10.0,8.280166174857004e-27,1.4767881475719775e-26,1.0368590305293447e-29,18,12,24,6,6,0.4999999999999997,0.0,45.00000104565488,90.0,2.091309789151873e-06,8.429369702178802e-08,3.9999079960742914,0.0,0.0,0.0,0.0,-7.030340347596616,-7.030275395142824,0.2659544154159663,-8.119056724043006e-06,-7.03034034759654,-7.638334409421077e-14,-7.0220905612808675,-0.008249786315748686,-7.029428898613504,-0.0009114489831123507,-7.030275395142824,-6.495245379234404e-05
tfim_n6_t2_s20266871,20266871,6,2,15,B15,,0,"[[5,3],[0,5],[1,4],[0,4]]","[[1,0,0,0,0,0],[0,1,0,0,0,0],[0,0,1,0,0,0],[0,0,0,1,0,1],[1,1,0,0,1,0],[1,0,0,0,0,1]]",10.0,0.0006664693638550834,0.0006664693638550827,0.0006664693638550827,18,12,24,6,6,0.4999999999999998,0.0,45.000001045654884,90.0,2.091309789151873e-06,7.300048299977711e-08,4.682467571017227,0.0,0.0,0.0,0.0,-7.030340347596616,-7.030806312381806,0.2654234981769843,5.8245598148709554e-05,-7.029278924844231,-0.0010614227523850772,-7.009372653138328,-0.020967694458287944,-7.027917675445641,-0.002422672150975025,-7.030806312381806,0.00046596478518967643
tfim_n6_t2_s20266871,20266871,6,2,16,B16,,0,"[[0,2],[4,3],[2,4],[2,0]]","[[0,0,1,0,0,0],[0,1,0,0,0,0],[1,0,1,0,0,0],[0,0,0,1,1,0],[1,0,1,0,1,0],[0,0,0,0,0,1]]",7.0,0.005354053962865128,0.005354053962865132,0.005354053962865132,18,12,24,6,6,0.4999999999999997,0.0,45.00000134993465,90.0,2.699869328381916e-06,8.940696716308587e-08,4.083638139278902,0.0,0.0,0.0,0.0,-7.030340347596616,-7.030459715886845,0.2657700946719448,1.4921036278647826e-05,-7.026310302024652,-0.00403004557196418,-7.004586207581662,-0.025754140014954352,-7.027627272385809,-0.0027130752108073253,-7.030459715886845,0.0001193682902291826
tfim_n8_t2_s20268723,20268723,8,2,0,identity,identity,0,"[[0,1],[0,1],[0,1],[0,1]]","[[1,0,0,0,0,0,0,0],[0,1,0,0,0,0,0,0],[0,0,1,0,0,0,0,0],[0,0,0,1,0,0,0,0],[0,0,0,0,1,0,0,0],[0,0,0,0,0,1,0,0],[0,0,0,0,0,0,1,0],[0,0,0,0,0,0,0,1]]",0.0,2.5459816518029057e-26,1.5433254037584192e-25,5.27555008666174e-29,24,16,24,0,16,0.9999999999999998,0.0,0.0,1.9090959104164224e-06,1.9090959104164224e-06,7.598131170262073e-08,5.412958608863742,0.0,0.0,0.0,0.0,-9.543567847410962,-9.54343598450322,0.29451546295615927,-1.6482863467670583e-05,-9.543567847410161,-8.01136934569513e-13,-9.516869641859167,-0.026698205551795695,-9.540329116032677,-0.0032387313782855642,-9.54343598450322,-0.00013186290774136467
tfim_n8_t2_s20268723,20268723,8,2,1,B01,,0,"[[4,6],[4,6],[2,4],[4,2]]","[[1,0,0,0,0,0,0,0],[0,1,0,0,0,0,0,0],[0,0,0,0,1,0,0,0],[0,0,0,1,0,0,0,0],[0,0,1,0,1,0,0,0],[0,0,0,0,0,1,0,0],[0,0,0,0,0,0,1,0],[0,0,0,0,0,0,0,1]]",4.0,0.0145849477980864,0.014584947798086449,0.014584947798086449,24,16,26,2,14,0.875,0.0,0.0,89.99999999999999,1.2074182697257333e-06,4.7121609153872417e-08,5.412958608863761,0.0,0.0,0.0,0.0,-9.543567847410962,-9.544028453714681,0.2939229937446992,5.757578796483642e-05,-9.542255738018483,-0.001312109392479499,-9.511778029243015,-0.03178981816794746,-9.5402441827189,-0.0033236646920613566,-9.544028453714681,0.0004606063037186914
tfim_n8_t2_s20268723,20268723,8,2,2,B02,,0,"[[6,4],[0,3],[2,5],[1,7]]","[[1,0,0,0,0,0,0,0],[0,1,0,0,0,0,0,0],[0,0,1,0,0,0,0,0],[1,0,0,1,0,0,0,0],[0,0,0,0,1,0,1,0],[0,0,1,0,0,1,0,0],[0,0,0,0,0,0,1,0],[0,1,0,0,0,0,0,1]]",14.0,0.05116189431406371,0.051161894314063795,0.051161894314063795,24,16,32,8,8,0.5,0.0,45.00000060370911,90.0,1.2074182697257333e-06,2.9802322387695346e-08,5.427429458148995,0.0,0.0,0.0,0.0,-9.543567847410962,-9.547892213121544,0.29005923433783565,0.000540545713822782,-9.540775717001967,-0.002792130408995064,-9.50077590950411,-0.042791937906851985,-9.540279585471133,-0.00328826193982934,-9.547892213121544,0.004324365710582256
tfim_n8_t2_s20268723,20268723,8,2,3,B03,,0,"[[5,3],[0,3],[4,2],[3,0]]","[[0,0,0,1,0,1,0,0],[0,1,0,0,0,0,0,0],[0,0,1,0,1,0,0,0],[1,0,0,1,0,1,0,0],[0,0,0,0,1,0,0,0],[0,0,0,0,0,1,0,0],[0,0,0,0,0,0,1,0],[0,0,0,0,0,0,0,1]]",10.0,0.02446887885954124,0.02446887885954131,0.02446887885954131,24,16,30,6,10,0.6249999999999998,0.0,1.4787793334710982e-06,89.99999999999999,1.4787793334710982e-06,6.989264130329235e-08,5.5526862759761695,0.0,0.0,0.0,0.0,-9.543567847410962,-9.544878966551671,0.29307248090770877,0.00016388989258864228,-9.540395009942532,-0.00317283746842989,-9.505164015409191,-0.03840383200177122,-9.53983159097704,-0.0037362564339229465,-9.544878966551671,0.0013111191407091383
tfim_n8_t2_s20268723,20268723,8,2,4,B04,,0,"[[4,6],[0,5],[3,1],[7,3]]","[[1,0,0,0,0,0,0,0],[0,1,0,1,0,0,0,0],[0,0,1,0,0,0,0,0],[0,0,0,1,0,0,0,1],[0,0,0,0,1,0,0,0],[1,0,0,0,0,1,0,0],[0,0,0,0,1,0,1,0],[0,0,0,0,0,0,0,1]]",13.0,0.016116697983912433,0.016116697983912454,0.016116697983912454,24,16,32,8,8,0.49999999999999994,0.0,45.000000603709104,90.0,1.2074182697257333e-06,4.214684851089407e-08,5.489367065788197,0.0,0.0,0.0,0.0,-9.543567847410962,-9.547552249750249,0.2903991977091316,0.0004980502924107899,-9.541653509153367,-0.0019143382575954604,-9.509496312981284,-0.03407153442967825,-9.540711392834993,-0.0028564545759692805,-9.547552249750249,0.003984402339286319
tfim_n8_t2_s20268723,20268723,8,2,5,B05,,0,"[[7,4],[3,2],[7,3],[0,6]]","[[1,0,0,0,0,0,0,0],[0,1,0,0,0,0,0,0],[0,0,1,1,0,0,0,0],[0,0,0,1,0,0,0,1],[0,0,0,0,1,0,0,1],[0,0,0,0,0,1,0,0],[1,0,0,0,0,0,1,0],[0,0,0,0,0,0,0,1]]",11.0,1.33453204376469e-25,1.5423734094441234e-25,0.0,24,16,28,4,12,0.7499999999999998,0.0,6.037091348628667e-07,89.99999999999999,1.9090959104164224e-06,7.598131170262073e-08,4.739341214808124,0.0,0.0,0.0,0.0,-9.543567847410962,-9.54336801847516,0.29458342898421996,-2.4978616975257495e-05,-9.543567847409443,-1.5187850976872141e-12,-9.51513585043083,-0.028431996980131657,-9.54045385309696,-0.0031139943140026105,-9.54336801847516,-0.00019982893580205996
tfim_n8_t2_s20268723,20268723,8,2,6,B06,pauli_only;projection,0,"[[2,5],[6,2],[4,7],[6,7]]","[[1,0,0,0,0,0,0,0],[0,1,0,0,0,0,0,0],[0,0,1,0,0,0,1,0],[0,0,0,1,0,0,0,0],[0,0,0,0,1,0,0,0],[0,0,1,0,0,1,0,0],[0,0,0,0,0,0,1,0],[0,0,0,0,1,0,1,1]]",10.0,0.09987052477178328,0.09987052477178307,0.09987052477178307,24,16,30,6,10,0.6249999999999999,0.0,0.0,90.0,2.4148365394514667e-06,5.960464477539059e-08,5.573701417632735,0.0,0.0,0.0,0.0,-9.543567847410962,-9.559185284831031,0.2787661626283491,0.001952179677508603,-9.545499770052867,0.001931922641905004,-9.511216829371756,-0.032351018039205925,-9.544038996604238,0.00047114919327562177,-9.559185284831031,0.015617437420068825
tfim_n8_t2_s20268723,20268723,8,2,7,B07,,1,"[[1,6],[5,1],[6,2],[1,2]]","[[1,0,0,0,0,0,0,0],[0,1,0,0,0,1,0,0],[0,0,1,0,0,1,1,0],[0,0,0,1,0,0,0,0],[0,0,0,0,1,0,0,0],[0,0,0,0,0,1,0,0],[0,1,0,0,0,0,1,0],[0,0,0,0,0,0,0,1]]",13.0,2.1443954920842967e-26,1.5442024747974096e-25,1.4046260476565996e-28,24,16,30,6,10,0.6249999999999998,0.0,1.6939376219437603e-06,90.0,2.561320938754782e-06,9.185692672385236e-08,5.256148320440426,0.0,0.0,0.0,0.0,-9.543567847410962,-9.543445267931979,0.2945061795274011,-1.532243487289975e-05,-9.543567847410172,-7.904787935331115e-13,-9.52110653986918,-0.022461307541782105,-9.541237319064471,-0.0023305283464907234,-9.543445267931979,-0.000122579478983198
tfim_n8_t2_s20268723,20268723,8,2,8,B08,osr_only,0,"[[7,1],[0,6],[2,3],[1,7]]","[[1,0,0,0,0,0,0,0],[0,1,0,0,0,0,0,1],[0,0,1,0,0,0,0,0],[0,0,1,1,0,0,0,0],[0,0,0,0,1,0,0,0],[0,0,0,0,0,1,0,0],[1,0,0,0,0,0,1,0],[0,1,0,0,0,0,0,0]]",19.0,1.4023945835027695e-25,1.541956223408134e-25,0.0,24,16,28,4,12,0.7499999999999999,0.0,0.0,90.0,1.9090959104164224e-06,6.989264130329233e-08,4.794008964101716,0.0,0.0,0.0,0.0,-9.543567847410962,-9.543404238628908,0.2945472088304726,-2.0451097756835068e-05,-9.543567847409514,-1.4477308241112041e-12,-9.520979144800494,-0.022588702610468303,-9.540565763928708,-0.003002083482254392,-9.543404238628908,-0.00016360878205468055
tfim_n8_t2_s20268723,20268723,8,2,9,B09,,0,"[[0,1],[6,7],[1,5],[0,7]]","[[1,0,0,0,0,0,0,0],[1,1,0,0,0,0,0,0],[0,0,1,0,0,0,0,0],[0,0,0,1,0,0,0,0],[0,0,0,0,1,0,0,0],[1,1,0,0,0,1,0,0],[0,0,0,0,0,0,1,0],[1,0,0,0,0,0,1,1]]",11.0,2.2051923578428433e-26,1.5431285226419843e-25,3.306738922312876e-29,24,16,28,4,12,0.7499999999999996,0.0,1.593163312987143e-06,89.99999999999999,2.4148365394514667e-06,1.1348386266624785e-07,5.256148320440415,0.0,0.0,0.0,0.0,-9.543567847410962,-9.543403359129066,0.29454808833031443,-2.056103523706554e-05,-9.543567847410175,-7.86926079854311e-13,-9.52505284803937,-0.0185149993715914,-9.540824541840895,-0.0027433055700676334,-9.543403359129066,-0.0001644882818965243
tfim_n8_t2_s20268723,20268723,8,2,10,B10,,0,"[[5,1],[3,1],[6,3],[3,1]]","[[1,0,0,0,0,0,0,0],[0,1,0,0,0,1,1,0],[0,0,1,0,0,0,0,0],[0,0,0,1,0,0,1,0],[0,0,0,0,1,0,0,0],[0,0,0,0,0,1,0,0],[0,0,0,0,0,0,1,0],[0,0,0,0,0,0,0,1]]",7.0,2.469171394354588e-26,1.5420235733624344e-25,0.0,24,16,28,4,12,0.7499999999999998,0.0,1.0305959579886636e-06,89.99999999999999,2.4148365394514667e-06,9.657056180250431e-08,5.326764335240928,0.0,0.0,0.0,0.0,-9.543567847410962,-9.543463506975964,0.29448794048341576,-1.3042554374731452e-05,-9.54356784741016,-8.029132914089132e-13,-9.520173254087132,-0.023394593323830648,-9.540598111212342,-0.0029697361986205095,-9.543463506975964,-0.00010434043499785162
tfim_n8_t2_s20268723,20268723,8,2,11,B11,,1,"[[6,7],[6,3],[3,2],[4,1]]","[[1,0,0,0,0,0,0,0],[0,1,0,0,1,0,0,0],[0,0,1,1,0,0,1,0],[0,0,0,1,0,0,1,0],[0,0,0,0,1,0,0,0],[0,0,0,0,0,1,0,0],[0,0,0,0,0,0,1,0],[0,0,0,0,0,0,1,1]]",8.0,1.338231883641044e-25,1.54275944345511e-25,0.0,24,16,28,4,12,0.7499999999999999,0.0,4.2688682312579694e-07,89.99999999999999,1.2074182697257333e-06,5.16191365590357e-08,4.93395185126075,0.0,0.0,0.0,0.0,-9.543567847410962,-9.543393449703535,0.29455799775584524,-2.1799713428416467e-05,-9.543567847409435,-1.5276668818842154e-12,-9.519044234413967,-0.02452361299699568,-9.540131117251176,-0.003436730159785739,-9.543393449703535,-0.00017439770742733174
tfim_n8_t2_s20268723,20268723,8,2,12,B12,oracle,0,"[[0,7],[1,0],[7,4],[2,0]]","[[1,1,1,0,0,0,0,0],[0,1,0,0,0,0,0,0],[0,0,1,0,0,0,0,0],[0,0,0,1,0,0,0,0],[1,0,0,0,1,0,0,1],[0,0,0,0,0,1,0,0],[0,0,0,0,0,0,1,0],[1,0,0,0,0,0,0,1]]",12.0,0.060333917222368846,0.060333917222368874,0.060333917222368874,24,16,32,8,8,0.4999999999999999,0.0,45.00000085377363,90.0,1.7075472925031877e-06,5.960464477539062e-08,5.599304146641714,0.0,0.0,0.0,0.0,-9.543567847410962,-9.563483496835296,0.2744679506240839,0.002489456178041749,-9.545160112301861,0.0015922648908990311,-9.523186226436449,-0.020381620974513126,-9.545738214818439,0.002170367407476448,-9.563483496835296,0.019915649424333992
tfim_n8_t2_s20268723,20268723,8,2,13,B13,,0,"[[2,3],[1,5],[1,0],[6,4]]","[[1,1,0,0,0,0,0,0],[0,1,0,0,0,0,0,0],[0,0,1,0,0,0,0,0],[0,0,1,1,0,0,0,0],[0,0,0,0,1,0,1,0],[0,1,0,0,0,1,0,0],[0,0,0,0,0,0,1,0],[0,0,0,0,0,0,0,1]]",8.0,0.004756576831506031,0.004756576831506043,0.004756576831506043,24,16,28,4,12,0.75,0.0,0.0,89.99999999999999,1.4787793334710982e-06,4.214684851089404e-08,4.639817600684612,0.0,0.0,0.0,0.0,-9.543567847410962,-9.543543814263245,0.29440763319613517,-3.004143464657716e-06,-9.541576740082704,-0.001991107328258579,-9.507788762168083,-0.035779085242879205,-9.53818254826341,-0.005385299147551592,-9.543543814263245,-2.4033147717261727e-05
tfim_n8_t2_s20268723,20268723,8,2,14,B14,,0,"[[1,3],[6,3],[1,5],[0,4]]","[[1,0,0,0,0,0,0,0],[0,1,0,0,0,0,0,0],[0,0,1,0,0,0,0,0],[0,1,0,1,0,0,1,0],[1,0,0,0,1,0,0,0],[0,1,0,0,0,1,0,0],[0,0,0,0,0,0,1,0],[0,0,0,0,0,0,0,1]]",11.0,2.077932096898981e-26,1.5427559241138136e-25,0.0,24,16,30,6,10,0.6249999999999998,0.0,1.7075472925031877e-06,90.0,2.091309789151873e-06,8.429369702178803e-08,5.25614832044043,0.0,0.0,0.0,0.0,-9.543567847410962,-9.543456252615908,0.2944951948434724,-1.3949349381814358e-05,-9.543567847410177,-7.851497230149107e-13,-9.52600572398185,-0.01756212342911212,-9.541489765137127,-0.0020780822738348803,-9.543456252615908,-0.00011159479505451486
tfim_n8_t2_s20268723,20268723,8,2,15,B15,,0,"[[5,4],[3,1],[7,6],[0,6]]","[[1,0,0,0,0,0,0,0],[0,1,0,1,0,0,0,0],[0,0,1,0,0,0,0,0],[0,0,0,1,0,0,0,0],[0,0,0,0,1,1,0,0],[0,0,0,0,0,1,0,0],[1,0,0,0,0,0,1,1],[0,0,0,0,0,0,0,1]]",10.0,0.011360121152406413,0.011360121152406455,0.011360121152406455,24,16,28,4,12,0.7499999999999998,0.0,8.537736462515939e-07,90.0,1.4787793334710982e-06,6.989264130329235e-08,5.552329364286313,0.0,0.0,0.0,0.0,-9.543567847410962,-9.547602464066816,0.29034898339256365,0.0005043270819817813,-9.54364451169149,7.666428052743868e-05,-9.511185953201878,-0.03238189420908455,-9.540714851232295,-0.0028529961786674107,-9.547602464066816,0.004034616655854251
tfim_n8_t2_s20268723,20268723,8,2,16,B16,,0,"[[5,0],[4,7],[0,6],[7,3]]","[[1,0,0,0,0,1,0,0],[0,1,0,0,0,0,0,0],[0,0,1,0,0,0,0,0],[0,0,0,1,1,0,0,1],[0,0,0,0,1,0,0,0],[0,0,0,0,0,1,0,0],[1,0,0,0,0,1,1,0],[0,0,0,0,1,0,0,1]]",18.0,0.0603339172223689,0.06033391722236883,0.06033391722236883,24,16,32,8,8,0.49999999999999994,0.0,45.00000073938965,90.0,1.4787793334710982e-06,4.712160915387243e-08,5.351232761794659,0.0,0.0,0.0,0.0,-9.543567847410962,-9.554818507765571,0.28313293969380915,0.0014063325443260943,-9.545160112285862,0.001592264874899385,-9.520336366319356,-0.023231481091606554,-9.544175729726346,0.0006078823153838897,-9.554818507765571,0.011250660354608755
tfim_n8_t2_s20268760,20268760,8,2,0,identity,identity,0,"[[0,1],[0,1],[0,1],[0,1]]","[[1,0,0,0,0,0,0,0],[0,1,0,0,0,0,0,0],[0,0,1,0,0,0,0,0],[0,0,0,1,0,0,0,0],[0,0,0,0,1,0,0,0],[0,0,0,0,0,1,0,0],[0,0,0,0,0,0,1,0],[0,0,0,0,0,0,0,1]]",0.0,5.432385899787069e-26,1.0194216904554887e-25,0.0,24,16,24,0,16,0.9999999999999998,0.0,0.0,2.091309789151873e-06,2.091309789151873e-06,9.424321830774481e-08,5.600309977656436,0.0,0.0,0.0,0.0,-9.543567847410973,-9.543370382921982,0.2945810645374358,-2.4683061123909056e-05,-9.543567847410012,-9.610090501155355e-13,-9.51828165596699,-0.025286191443983697,-9.538417818458951,-0.005150028952021657,-9.543370382921982,-0.00019746448899127245
tfim_n8_t2_s20268760,20268760,8,2,1,B01,,0,"[[3,7],[3,1],[3,0],[0,2]]","[[1,0,0,1,0,0,0,0],[0,1,0,1,0,0,0,0],[1,0,1,1,0,0,0,0],[0,0,0,1,0,0,0,0],[0,0,0,0,1,0,0,0],[0,0,0,0,0,1,0,0],[0,0,0,0,0,0,1,0],[0,0,0,1,0,0,0,1]]",9.0,0.005186093655725211,0.0051860936557252164,0.0051860936557252164,24,16,28,4,12,0.75,0.0,0.0,89.99999999999999,2.842170943040401e-14,8.704320364176873e-16,5.581507488558907,0.0,0.0,0.0,0.0,-9.543567847410973,-9.543583994443011,0.294367453016406,2.018379004820048e-06,-9.541510185701638,-0.002057661709335079,-9.513330376469835,-0.030237470941138156,-9.53931086519115,-0.004256982219823513,-9.543583994443011,1.6147032038560383e-05
tfim_n8_t2_s20268760,20268760,8,2,2,B02,,0,"[[3,0],[4,3],[3,5],[6,5]]","[[1,0,0,1,0,0,0,0],[0,1,0,0,0,0,0,0],[0,0,1,0,0,0,0,0],[0,0,0,1,1,0,0,0],[0,0,0,0,1,0,0,0],[0,0,0,1,1,1,1,0],[0,0,0,0,0,0,1,0],[0,0,0,0,0,0,0,1]]",7.0,3.717494798260471e-05,3.717494798260485e-05,3.717494798260485e-05,24,16,30,6,10,0.625,0.0,0.0,90.0,1.2074182697257333e-06,2.9802322387695326e-08,5.6979977291057935,0.0,0.0,0.0,0.0,-9.543567847410973,-9.543290061749357,0.29466138571006084,-3.472320770203652e-05,-9.54128027110494,-0.0022875763060330456,-9.507863969009946,-0.0357038784010264,-9.539450089298406,-0.004117758112567316,-9.543290061749357,-0.00027778566161629215
tfim_n8_t2_s20268760,20268760,8,2,3,B03,,0,"[[5,4],[1,5],[7,2],[2,5]]","[[1,0,0,0,0,0,0,0],[0,1,0,0,0,0,0,0],[0,0,1,0,0,0,0,1],[0,0,0,1,0,0,0,0],[0,0,0,0,1,1,0,0],[0,1,1,0,0,1,0,1],[0,0,0,0,0,0,1,0],[0,0,0,0,0,0,0,1]]",10.0,8.652726070604708e-05,8.652726070604653e-05,8.652726070604653e-05,24,16,30,6,10,0.6249999999999999,0.0,6.037091348628667e-07,90.0,1.7075472925031877e-06,5.161913655903569e-08,5.701779568024999,0.0,0.0,0.0,0.0,-9.543567847410973,-9.543311436392527,0.29464001106689075,-3.205137730577512e-05,-9.541229509342404,-0.002338338068568646,-9.502186118394437,-0.04138172901653547,-9.53882995802675,-0.0047378893842235925,-9.543311436392527,-0.00025641101844620096
tfim_n8_t2_s20268760,20268760,8,2,4,B04,,0,"[[0,1],[7,2],[5,7],[2,5]]","[[1,0,0,0,0,0,0,0],[1,1,0,0,0,0,0,0],[0,0,1,0,0,0,0,1],[0,0,0,1,0,0,0,0],[0,0,0,0,1,0,0,0],[0,0,1,0,0,1,0,1],[0,0,0,0,0,0,1,0],[0,0,0,0,0,1,0,1]]",11.0,0.0004046542475186327,0.0004046542475186328,0.0004046542475186328,24,16,30,6,10,0.625,0.0,0.0,90.0,8.537736462515939e-07,2.107342425544704e-08,5.659272742645347,0.0,0.0,0.0,0.0,-9.543567847410973,-9.543505506832487,0.29444594062693064,-7.792572310760804e-06,-9.54228380185257,-0.001284045558403335,-9.512382799560557,-0.03118504785041587,-9.540960796079412,-0.0026070513315605837,-9.543505506832487,-6.234057848608643e-05
tfim_n8_t2_s20268760,20268760,8,2,5,B05,,0,"[[4,3],[3,6],[0,4],[1,5]]","[[1,0,0,0,0,0,0,0],[0,1,0,0,0,0,0,0],[0,0,1,0,0,0,0,0],[0,0,0,1,1,0,0,0],[1,0,0,0,1,0,0,0],[0,1,0,0,0,1,0,0],[0,0,0,1,1,0,1,0],[0,0,0,0,0,0,0,1]]",12.0,8.495319475076942e-05,8.495319475077127e-05,8.495319475077127e-05,24,16,32,8,8,0.5,0.0,44.99999999999997,90.0,5.684341886080802e-14,1.5308010977886489e-15,5.581507488558907,0.0,0.0,0.0,0.0,-9.543567847410973,-9.543395462575617,0.2945559848838002,-2.1548104419455427e-05,-9.541153892417393,-0.002413954993579992,-9.496248092410355,-0.04731975500061836,-9.537058503967812,-0.006509343443161342,-9.543395462575617,-0.00017238483535564342
tfim_n8_t2_s20268760,20268760,8,2,6,B06,,0,"[[6,7],[1,3],[0,3],[4,6]]","[[1,0,0,0,0,0,0,0],[0,1,0,0,0,0,0,0],[0,0,1,0,0,0,0,0],[1,1,0,1,0,0,0,0],[0,0,0,0,1,0,0,0],[0,0,0,0,0,1,0,0],[0,0,0,0,1,0,1,0],[0,0,0,0,0,0,1,1]]",6.0,0.033785197180236703,0.03378519718023676,0.03378519718023676,24,16,30,6,10,0.6249999999999999,0.0,1.2074182697257333e-06,89.99999999999999,2.091309789151873e-06,6.664001874625054e-08,5.5223834318679295,0.0,0.0,0.0,0.0,-9.543567847410973,-9.549869870050832,0.288081577408585,0.0007877528299824466,-9.54119620852774,-0.002371638883232663,-9.515435909354478,-0.028131938056494832,-9.54235675376126,-0.0012110936497133906,-9.549869870050832,0.0063020226398595725
tfim_n8_t2_s20268760,20268760,8,2,7,B07,,0,"[[7,4],[1,0],[6,4],[6,1]]","[[1,1,0,0,0,0,0,0],[0,1,0,0,0,0,1,0],[0,0,1,0,0,0,0,0],[0,0,0,1,0,0,0,0],[0,0,0,0,1,0,1,1],[0,0,0,0,0,1,0,0],[0,0,0,0,0,0,1,0],[0,0,0,0,0,0,0,1]]",9.0,0.08292901700231495,0.08292901700231502,0.08292901700231502,24,16,28,4,12,0.7499999999999998,0.0,0.0,89.99999999999999,1.7075472925031877e-06,6.664001874625055e-08,5.522383431867892,0.0,0.0,0.0,0.0,-9.543567847410973,-9.578774650531159,0.25917679692825857,0.004400850390023248,-9.545341605790624,0.0017737583796506584,-9.517670026674349,-0.025897820736624055,-9.546144164446261,0.002576317035288156,-9.578774650531159,0.03520680312018598
tfim_n8_t2_s20268760,20268760,8,2,8,B08,pauli_only;projection;oracle,0,"[[2,4],[1,0],[6,1],[1,3]]","[[1,1,0,0,0,0,0,0],[0,1,0,0,0,0,1,0],[0,0,1,0,0,0,0,0],[0,1,0,1,0,0,1,0],[0,0,1,0,1,0,0,0],[0,0,0,0,0,1,0,0],[0,0,0,0,0,0,1,0],[0,0,0,0,0,0,0,1]]",10.0,0.4789702762847486,0.4789702762847492,0.4789702762847492,24,16,30,6,10,0.625,0.0,0.0,90.0,1.4787793334710982e-06,3.6500241499888574e-08,5.701779568024988,0.0,0.0,0.0,0.0,-9.543567847410973,-9.603619594917351,0.23433185254206634,0.007506468438297276,-9.549208865554338,0.005641018143364818,-9.543895670453855,0.00032782304288225816,-9.590940470316351,0.04737262290537814,-9.603619594917351,0.060051747506378206
tfim_n8_t2_s20268760,20268760,8,2,9,B09,osr_only,0,"[[0,4],[5,2],[2,7],[4,1]]","[[1,0,0,0,0,0,0,0],[1,1,0,0,1,0,0,0],[0,0,1,0,0,1,0,0],[0,0,0,1,0,0,0,0],[1,0,0,0,1,0,0,0],[0,0,0,0,0,1,0,0],[0,0,0,0,0,0,1,0],[0,0,1,0,0,1,0,1]]",15.0,0.057861749167454485,0.057861749167454485,0.057861749167454485,24,16,32,8,8,0.4999999999999999,0.0,45.000000954547936,90.0,1.9090959104164224e-06,5.960464477539062e-08,5.70159349643839,0.0,0.0,0.0,0.0,-9.543567847410973,-9.550183767423485,0.2877676800359321,0.0008269900015640541,-9.544995600933907,0.0014277535229343385,-9.5090554027928,-0.03451244461817282,-9.542178627335321,-0.001389220075651565,-9.550183767423485,0.006615920012512433
tfim_n8_t2_s20268760,20268760,8,2,10,B10,,0,"[[2,1],[3,2],[2,7],[7,2]]","[[1,0,0,0,0,0,0,0],[0,1,1,0,0,0,0,0],[0,0,0,0,0,0,0,1],[0,0,0,1,0,0,0,0],[0,0,0,0,1,0,0,0],[0,0,0,0,0,1,0,0],[0,0,0,0,0,0,1,0],[0,0,1,1,0,0,0,1]]",11.0,0.0016512671672401663,0.0016512671672401702,0.0016512671672401702,24,16,30,6,10,0.6249999999999999,0.0,8.537736462515939e-07,89.99999999999999,1.4787793334710982e-06,5.960464477539063e-08,5.937975121074761,0.0,0.0,0.0,0.0,-9.543567847410973,-9.543486448701824,0.2944649987575936,-1.0174838643628448e-05,-9.540304728504276,-0.003263118906696505,-9.511711126762664,-0.03185672064830847,-9.539083294855642,-0.004484552555330978,-9.543486448701824,-8.139870914902758e-05
tfim_n8_t2_s20268760,20268760,8,2,11,B11,,0,"[[6,4],[2,4],[2,5],[1,5]]","[[1,0,0,0,0,0,0,0],[0,1,0,0,0,0,0,0],[0,0,1,0,0,0,0,0],[0,0,0,1,0,0,0,0],[0,0,1,0,1,0,1,0],[0,1,1,0,0,1,0,0],[0,0,0,0,0,0,1,0],[0,0,0,0,0,0,0,1]]",8.0,0.007705085356202249,0.0077050853562022166,0.0077050853562022166,24,16,30,6,10,0.625,0.0,6.037091348628667e-07,90.0,1.2074182697257333e-06,4.214684851089404e-08,5.701779568024977,0.0,0.0,0.0,0.0,-9.543567847410973,-9.543763292692976,0.29418815476644156,2.4430660250374103e-05,-9.539523528493724,-0.004044318917248546,-9.510849968445605,-0.03271787896536793,-9.539174723471646,-0.004393123939326671,-9.543763292692976,0.00019544528200299283
tfim_n8_t2_s20268760,20268760,8,2,12,B12,,1,"[[6,1],[4,3],[4,2],[4,2]]","[[1,0,0,0,0,0,0,0],[0,1,0,0,0,0,1,0],[0,0,1,0,0,0,0,0],[0,0,0,1,1,0,0,0],[0,0,0,0,1,0,0,0],[0,0,0,0,0,1,0,0],[0,0,0,0,0,0,1,0],[0,0,0,0,0,0,0,1]]",6.0,8.49531947507707e-05,8.495319475077095e-05,8.495319475077095e-05,24,16,28,4,12,0.7499999999999998,0.0,1.0305959579886636e-06,89.99999999999999,1.9090959104164224e-06,8.16170211889097e-08,5.600309977656433,0.0,0.0,0.0,0.0,-9.543567847410973,-9.543365579992633,0.2945858674667843,-2.5283427292466243e-05,-9.5411538922173,-0.002413955193672379,-9.496421525253915,-0.04714632215705805,-9.53688701690412,-0.006680830506851976,-9.543365579992633,-0.00020226741833972994
tfim_n8_t2_s20268760,20268760,8,2,13,B13,,1,"[[2,7],[0,5],[7,3],[3,4]]","[[1,0,0,0,0,0,0,0],[0,1,0,0,0,0,0,0],[0,0,1,0,0,0,0,0],[0,0,1,1,0,0,0,1],[0,0,1,1,1,0,0,1],[1,0,0,0,0,1,0,0],[0,0,0,0,0,0,1,0],[0,0,1,0,0,0,0,1]]",15.0,8.495319475077018e-05,8.495319475077041e-05,8.495319475077041e-05,24,16,32,8,8,0.4999999999999998,0.0,45.00000095454794,90.0,1.9090959104164224e-06,7.884953353001445e-08,5.772680261403027,0.0,0.0,0.0,0.0,-9.543567847410973,-9.543379305225205,0.29457214223421246,-2.3567773220989352e-05,-9.541153892524846,-0.0024139548861263904,-9.4966272126606,-0.04694063475037247,-9.537613009838672,-0.00595483757230042,-9.543379305225205,-0.00018854218576791482
tfim_n8_t2_s20268760,20268760,8,2,14,B14,,0,"[[3,1],[2,0],[1,6],[1,0]]","[[1,1,1,1,0,0,0,0],[0,1,0,1,0,0,0,0],[0,0,1,0,0,0,0,0],[0,0,0,1,0,0,0,0],[0,0,0,0,1,0,0,0],[0,0,0,0,0,1,0,0],[0,1,0,1,0,0,1,0],[0,0,0,0,0,0,0,1]]",9.0,0.012765457528199754,0.012765457528199789,0.012765457528199789,24,16,30,6,10,0.6249999999999997,0.0,1.7075472925031877e-06,90.0,2.091309789151873e-06,1.0323827311807136e-07,5.810749210142946,0.0,0.0,0.0,0.0,-9.543567847410973,-9.545787777876336,0.29216366958308093,0.0002774913081704522,-9.54112417184881,-0.002443675562162184,-9.51857241185183,-0.024995435559143075,-9.540573215999933,-0.0029946314110400607,-9.545787777876336,0.0022199304653636176
tfim_n8_t2_s20268760,20268760,8,2,15,B15,,0,"[[0,3],[4,7],[5,1],[5,0]]","[[1,0,0,0,0,1,0,0],[0,1,0,0,0,1,0,0],[0,0,1,0,0,0,0,0],[1,0,0,1,0,0,0,0],[0,0,0,0,1,0,0,0],[0,0,0,0,0,1,0,0],[0,0,0,0,0,0,1,0],[0,0,0,0,1,0,0,1]]",11.0,0.10688427958127071,0.10688427958127071,0.10688427958127071,24,16,30,6,10,0.625,0.0,0.0,90.0,2.842170943040401e-14,1.0189823496640565e-15,5.522383431867925,0.0,0.0,0.0,0.0,-9.543567847410973,-9.574839713542898,0.263111733916519,0.003908983266490695,-9.54506220527031,0.0014943578593378248,-9.517487370458277,-0.02608047695269633,-9.548070146188078,0.004502298777104841,-9.574839713542898,0.03127186613192556
tfim_n8_t2_s20268760,20268760,8,2,16,B16,,0,"[[6,2],[4,0],[3,1],[2,7]]","[[1,0,0,0,1,0,0,0],[0,1,0,1,0,0,0,0],[0,0,1,0,0,0,1,0],[0,0,0,1,0,0,0,0],[0,0,0,0,1,0,0,0],[0,0,0,0,0,1,0,0],[0,0,0,0,0,0,1,0],[0,0,1,0,0,0,1,1]]",15.0,0.00757936387247457,0.007579363872474555,0.007579363872474555,24,16,32,8,8,0.4999999999999999,0.0,45.00000095454794,90.0,1.9090959104164224e-06,5.575503985246928e-08,5.937975121074746,0.0,0.0,0.0,0.0,-9.543567847410973,-9.545610126953097,0.29234132050632056,0.00025528494276549907,-9.543411213078333,-0.00015663433264023752,-9.516799696771665,-0.02676815063930782,-9.542026570253922,-0.0015412771570506578,-9.545610126953097,0.0020422795421239925
tfim_n8_t2_s20268797,20268797,8,2,0,identity,identity,0,"[[0,1],[0,1],[0,1],[0,1]]","[[1,0,0,0,0,0,0,0],[0,1,0,0,0,0,0,0],[0,0,1,0,0,0,0,0],[0,0,0,1,0,0,0,0],[0,0,0,0,1,0,0,0],[0,0,0,0,0,1,0,0],[0,0,0,0,0,0,1,0],[0,0,0,0,0,0,0,1]]",0.0,1.0622782071108383e-25,1.7612662245964446e-25,0.0,24,16,24,0,16,0.9999999999999999,0.0,0.0,1.2074182697257333e-06,1.2074182697257333e-06,5.161913655903569e-08,5.455639099928856,0.0,0.0,0.0,0.0,-9.543567847410964,-9.543420350215646,0.2945310972437447,-1.8437149414740617e-05,-9.543567847409417,-1.5472068071176182e-12,-9.520941746480004,-0.02262610093096029,-9.539661449943804,-0.003906397467160261,-9.543420350215646,-0.00014749719531792493
tfim_n8_t2_s20268797,20268797,8,2,1,B01,,0,"[[2,1],[0,7],[6,1],[3,1]]","[[1,0,0,0,0,0,0,0],[0,1,1,1,0,0,1,0],[0,0,1,0,0,0,0,0],[0,0,0,1,0,0,0,0],[0,0,0,0,1,0,0,0],[0,0,0,0,0,1,0,0],[0,0,0,0,0,0,1,0],[1,0,0,0,0,0,0,1]]",12.0,0.011727021937629438,0.011727021937629487,0.011727021937629487,24,16,32,8,8,0.4999999999999999,0.0,45.00000095454794,90.0,1.9090959104164224e-06,5.161913655903569e-08,5.389320507894077,0.0,0.0,0.0,0.0,-9.543567847410964,-9.54842719759521,0.289524249864181,0.0006074187730307212,-9.542851383979963,-0.0007164634310008466,-9.520858971451965,-0.022708875958999286,-9.542290638408872,-0.0012772090020920501,-9.54842719759521,0.00485935018424577
tfim_n8_t2_s20268797,20268797,8,2,2,B02,osr_only,0,"[[7,4],[0,7],[6,1],[7,0]]","[[0,0,0,0,0,0,0,1],[0,1,0,0,0,0,1,0],[0,0,1,0,0,0,0,0],[0,0,0,1,0,0,0,0],[0,0,0,0,1,0,0,1],[0,0,0,0,0,1,0,0],[0,0,0,0,0,0,1,0],[1,0,0,0,0,0,0,1]]",19.0,1.006512522164627e-25,1.7610499016232221e-25,0.0,24,16,28,4,12,0.7499999999999993,0.0,1.7850445613114856e-06,90.0,2.831646840510158e-06,1.4447211794305816e-07,5.45563909992886,0.0,0.0,0.0,0.0,-9.543567847410964,-9.543428045410778,0.29452340204861294,-1.7475250023268885e-05,-9.54356784740947,-1.4939161019356106e-12,-9.523202529355679,-0.020365318055285186,-9.539991869027713,-0.0035759783832514103,-9.543428045410778,-0.00013980200018615108
tfim_n8_t2_s20268797,20268797,8,2,3,B03,,1,"[[4,0],[5,4],[4,7],[4,5]]","[[1,0,0,0,1,0,0,0],[0,1,0,0,0,0,0,0],[0,0,1,0,0,0,0,0],[0,0,0,1,0,0,0,0],[0,0,0,0,1,1,0,0],[0,0,0,0,1,0,0,0],[0,0,0,0,0,0,1,0],[0,0,0,0,1,1,0,1]]",8.0,0.0018345803931822983,0.001834580393182301,0.001834580393182301,24,16,28,4,12,0.7499999999999999,0.0,0.0,90.0,1.7075472925031877e-06,6.322027276634103e-08,5.794794676543683,0.0,0.0,0.0,0.0,-9.543567847410964,-9.54404159574398,0.2939098517154104,5.921854162704854e-05,-9.542713633577073,-0.0008542138338913929,-9.511353554584817,-0.03221429282614707,-9.539669212432266,-0.0038986349786984675,-9.54404159574398,0.0004737483330163883
tfim_n8_t2_s20268797,20268797,8,2,4,B04,,0,"[[0,7],[4,5],[3,5],[1,6]]","[[1,0,0,0,0,0,0,0],[0,1,0,0,0,0,0,0],[0,0,1,0,0,0,0,0],[0,0,0,1,0,0,0,0],[0,0,0,0,1,0,0,0],[0,0,0,1,1,1,0,0],[0,1,0,0,0,0,1,0],[1,0,0,0,0,0,0,1]]",14.0,0.00047046660248919504,0.0004704666024891952,0.0004704666024891952,24,16,30,6,10,0.6249999999999999,0.0,1.166276489861346e-06,90.0,1.4787793334710982e-06,5.5755039852469285e-08,4.587060218158828,0.0,0.0,0.0,0.0,-9.543567847410964,-9.543423657026933,0.2945277904324577,-1.8023798003863334e-05,-9.542144902790238,-0.0014229446207263408,-9.511653606500788,-0.031914240910175806,-9.540626539876682,-0.0029413075342823447,-9.543423657026933,-0.00014419038403090667
tfim_n8_t2_s20268797,20268797,8,2,5,B05,,0,"[[6,0],[3,2],[3,4],[2,7]]","[[1,0,0,0,0,0,1,0],[0,1,0,0,0,0,0,0],[0,0,1,1,0,0,0,0],[0,0,0,1,0,0,0,0],[0,0,0,1,1,0,0,0],[0,0,0,0,0,1,0,0],[0,0,0,0,0,0,1,0],[0,0,1,1,0,0,0,1]]",13.0,0.05642581334587508,0.05642581334587502,0.05642581334587502,24,16,30,6,10,0.6249999999999999,0.0,1.2074182697257333e-06,90.0,1.2074182697257333e-06,5.161913655903571e-08,5.455639099928873,0.0,0.0,0.0,0.0,-9.543567847410964,-9.548435690136447,0.28951575732294366,0.0006084803406853911,-9.544691485230707,0.0011236378197434505,-9.515504459299875,-0.028063388111089438,-9.543275228025426,-0.00029261938553837297,-9.548435690136447,0.004867842725483129
tfim_n8_t2_s20268797,20268797,8,2,6,B06,,0,"[[0,4],[3,2],[2,4],[2,6]]","[[1,0,0,0,0,0,0,0],[0,1,0,0,0,0,0,0],[0,0,1,1,0,0,0,0],[0,0,0,1,0,0,0,0],[1,0,1,1,1,0,0,0],[0,0,0,0,0,1,0,0],[0,0,1,1,0,0,1,0],[0,0,0,0,0,0,0,1]]",9.0,7.488085139089097e-26,1.7608603833370413e-25,0.0,24,16,28,4,12,0.75,0.0,0.0,90.0,1.2074182697257333e-06,4.2146848510894035e-08,5.389320507894083,0.0,0.0,0.0,0.0,-9.543567847410964,-9.543392562791528,0.29455888466786284,-2.1910577429506972e-05,-9.54356784740972,-1.2434497875801753e-12,-9.520603714494428,-0.02296413291653643,-9.54061390659713,-0.002953940813833711,-9.543392562791528,-0.00017528461943605578
tfim_n8_t2_s20268797,20268797,8,2,7,B07,,0,"[[0,5],[3,2],[5,0],[5,7]]","[[0,0,0,0,0,1,0,0],[0,1,0,0,0,0,0,0],[0,0,1,1,0,0,0,0],[0,0,0,1,0,0,0,0],[0,0,0,0,1,0,0,0],[1,0,0,0,0,1,0,0],[0,0,0,0,0,0,1,0],[1,0,0,0,0,1,0,1]]",13.0,1.0187659447340232e-25,1.7604983182978967e-25,0.0,24,16,28,4,12,0.75,0.0,0.0,89.99999999999999,1.4787793334710982e-06,3.6500241499888574e-08,5.458742679812083,0.0,0.0,0.0,0.0,-9.543567847410964,-9.543397526055802,0.2945539214035886,-2.129016939522721e-05,-9.543567847409397,-1.566746732351021e-12,-9.521880977554144,-0.021686869856820223,-9.539754095802602,-0.0038137516083622813,-9.543397526055802,-0.00017032135516181768
tfim_n8_t2_s20268797,20268797,8,2,8,B08,,0,"[[0,4],[3,2],[1,4],[4,6]]","[[1,0,0,0,0,0,0,0],[0,1,0,0,0,0,0,0],[0,0,1,1,0,0,0,0],[0,0,0,1,0,0,0,0],[1,1,0,0,1,0,0,0],[0,0,0,0,0,1,0,0],[1,1,0,0,1,0,1,0],[0,0,0,0,0,0,0,1]]",7.0,0.003378067432875205,0.0033780674328752086,0.0033780674328752086,24,16,30,6,10,0.625,0.0,0.0,90.0,1.2074182697257333e-06,2.980232238769533e-08,5.474585716620766,0.0,0.0,0.0,0.0,-9.543567847410964,-9.543488796536339,0.2944626509230517,-9.881359328112183e-06,-9.541369712655035,-0.0021981347559290043,-9.500867333913064,-0.04270051349790016,-9.537625602166042,-0.005942245244922262,-9.543488796536339,-7.905087462489746e-05
tfim_n8_t2_s20268797,20268797,8,2,9,B09,,0,"[[2,7],[1,6],[2,7],[5,1]]","[[1,0,0,0,0,0,0,0],[0,1,0,0,0,1,0,0],[0,0,1,0,0,0,0,0],[0,0,0,1,0,0,0,0],[0,0,0,0,1,0,0,0],[0,0,0,0,0,1,0,0],[0,1,0,0,0,0,1,0],[0,0,0,0,0,0,0,1]]",9.0,1.048380816637576e-25,1.7605849864060087e-25,0.0,24,16,28,4,12,0.75,0.0,0.0,90.0,1.4787793334710982e-06,5.1619136559035694e-08,5.4587426798120555,0.0,0.0,0.0,0.0,-9.543567847410964,-9.54336617512637,0.29458527233302156,-2.5209035574347283e-05,-9.543567847409424,-1.5401013797600172e-12,-9.520442391505192,-0.023125455905772085,-9.539416609661691,-0.004151237749272951,-9.54336617512637,-0.00020167228459477826
tfim_n8_t2_s20268797,20268797,8,2,10,B10,pauli_only;projection;oracle,0,"[[7,4],[0,7],[1,7],[2,1]]","[[1,0,0,0,0,0,0,0],[0,1,1,0,0,0,0,0],[0,0,1,0,0,0,0,0],[0,0,0,1,0,0,0,0],[0,0,0,0,1,0,0,1],[0,0,0,0,0,1,0,0],[0,0,0,0,0,0,1,0],[1,1,0,0,0,0,0,1]]",11.0,0.11079400762069819,0.11079400762069823,0.11079400762069823,24,16,32,8,8,0.4999999999999998,0.0,45.00000104565488,90.0,2.091309789151873e-06,8.940696716308591e-08,5.389320507894106,0.0,0.0,0.0,0.0,-9.543567847410964,-9.597179890939431,0.24077155651995952,0.0067015054410584085,-9.54595984958647,0.0023920021755063914,-9.512472089587813,-0.03109575782315055,-9.549431433380455,0.005863585969491325,-9.597179890939431,0.05361204352846727
tfim_n8_t2_s20268797,20268797,8,2,11,B11,,0,"[[7,0],[5,0],[4,1],[5,1]]","[[1,0,0,0,0,1,0,1],[0,1,0,0,1,1,0,0],[0,0,1,0,0,0,0,0],[0,0,0,1,0,0,0,0],[0,0,0,0,1,0,0,0],[0,0,0,0,0,1,0,0],[0,0,0,0,0,0,1,0],[0,0,0,0,0,0,0,1]]",11.0,1.0322588254465787e-25,1.7611318811545295e-25,0.0,24,16,30,6,10,0.6249999999999998,0.0,1.4787793334710982e-06,90.0,1.9090959104164224e-06,7.300048299977712e-08,5.79479467654369,0.0,0.0,0.0,0.0,-9.543567847410964,-9.54341416475144,0.2945372827079513,-1.9210332440566802e-05,-9.543567847409436,-1.5276668818842154e-12,-9.523806848956665,-0.019760998454298573,-9.540134636775656,-0.0034332106353076597,-9.54341416475144,-0.00015368265952453442
tfim_n8_t2_s20268797,20268797,8,2,12,B12,,0,"[[3,7],[4,1],[0,7],[5,7]]","[[1,0,0,0,0,0,0,0],[0,1,0,0,1,0,0,0],[0,0,1,0,0,0,0,0],[0,0,0,1,0,0,0,0],[0,0,0,0,1,0,0,0],[0,0,0,0,0,1,0,0],[0,0,0,0,0,0,1,0],[1,0,0,1,0,1,0,1]]",10.0,0.0018345803931823024,0.0018345803931823018,0.0018345803931823018,24,16,32,8,8,0.49999999999999994,0.0,45.0000004268868,90.0,8.537736462515939e-07,3.650024149988859e-08,5.582937280119579,0.0,0.0,0.0,0.0,-9.543567847410964,-9.544023075600093,0.2939283718592982,5.6903523641071985e-05,-9.542713633580371,-0.0008542138305926983,-9.51469911087613,-0.028868736534834127,-9.540255752938329,-0.003312094472635252,-9.544023075600093,0.0004552281891285759
tfim_n8_t2_s20268797,20268797,8,2,13,B13,,1,"[[0,4],[5,7],[2,5],[6,3]]","[[1,0,0,0,0,0,0,0],[0,1,0,0,0,0,0,0],[0,0,1,0,0,0,0,0],[0,0,0,1,0,0,1,0],[1,0,0,0,1,0,0,0],[0,0,1,0,0,1,0,0],[0,0,0,0,0,0,1,0],[0,0,0,0,0,1,0,1]]",12.0,0.001834580393182297,0.001834580393182301,0.001834580393182301,24,16,32,8,8,0.49999999999999967,0.0,45.00000120741825,90.0,2.4148365394514667e-06,9.884312124119395e-08,5.458742679812083,0.0,0.0,0.0,0.0,-9.543567847410964,-9.543884556568655,0.29406689089073623,3.9588644711319176e-05,-9.54271363431467,-0.0008542130962947425,-9.510920491301547,-0.03264735610941649,-9.540320200522386,-0.0032476468885782594,-9.543884556568655,0.0003167091576905534
tfim_n8_t2_s20268797,20268797,8,2,14,B14,,0,"[[4,1],[5,2],[6,2],[0,5]]","[[1,0,0,0,0,0,0,0],[0,1,0,0,1,0,0,0],[0,0,1,0,0,1,1,0],[0,0,0,1,0,0,0,0],[0,0,0,0,1,0,0,0],[1,0,0,0,0,1,0,0],[0,0,0,0,0,0,1,0],[0,0,0,0,0,0,0,1]]",12.0,0.029973440645014473,0.0299734406450145,0.0299734406450145,24,16,32,8,8,0.4999999999999996,0.0,45.00000147877931,90.0,2.9575586669421963e-06,1.1151007970493848e-07,5.5544398958763574,0.0,0.0,0.0,0.0,-9.543567847410964,-9.54618209486944,0.2917693525899505,0.00032678093230953387,-9.543331687439506,-0.00023615997145753909,-9.51119835499914,-0.0323694924118243,-9.541314098330055,-0.002253749080908918,-9.54618209486944,0.002614247458476271
tfim_n8_t2_s20268797,20268797,8,2,15,B15,,0,"[[4,3],[7,1],[5,7],[7,2]]","[[1,0,0,0,0,0,0,0],[0,1,0,0,0,0,0,1],[0,0,1,0,0,1,0,1],[0,0,0,1,1,0,0,0],[0,0,0,0,1,0,0,0],[0,0,0,0,0,1,0,0],[0,0,0,0,0,0,1,0],[0,0,0,0,0,1,0,1]]",12.0,9.767524244763272e-05,9.767524244763169e-05,9.767524244763169e-05,24,16,30,6,10,0.6249999999999997,0.0,1.808321601459805e-06,90.0,2.831646840510158e-06,1.05367121277235e-07,5.794794676543701,0.0,0.0,0.0,0.0,-9.543567847410964,-9.543444537433983,0.2945069100254081,-1.5413747122661192e-05,-9.541218735849851,-0.0023491115611129487,-9.504409569339417,-0.039158278071546704,-9.53874135987781,-0.004826487533154733,-9.543444537433983,-0.00012330997698128954
tfim_n8_t2_s20268797,20268797,8,2,16,B16,,0,"[[1,2],[3,4],[1,5],[6,2]]","[[1,0,0,0,0,0,0,0],[0,1,0,0,0,0,0,0],[0,1,1,0,0,0,1,0],[0,0,0,1,0,0,0,0],[0,0,0,1,1,0,0,0],[0,1,0,0,0,1,0,0],[0,0,0,0,0,0,1,0],[0,0,0,0,0,0,0,1]]",9.0,9.76752424476322e-05,9.767524244763158e-05,9.767524244763158e-05,24,16,30,6,10,0.625,0.0,0.0,90.0,2.842170943040401e-14,9.879220395645968e-16,5.389320507894094,0.0,0.0,0.0,0.0,-9.543567847410964,-9.543445590990874,0.29450585646851657,-1.5282052511222943e-05,-9.54121873690814,-0.0023491105028234927,-9.503468553327695,-0.0400992940832694,-9.538393205655945,-0.005174641755019138,-9.543445590990874,-0.00012225642008978355
tfim_n8_t2_s20268834,20268834,8,2,0,identity,identity,0,"[[0,1],[0,1],[0,1],[0,1]]","[[1,0,0,0,0,0,0,0],[0,1,0,0,0,0,0,0],[0,0,1,0,0,0,0,0],[0,0,0,1,0,0,0,0],[0,0,0,0,1,0,0,0],[0,0,0,0,0,1,0,0],[0,0,0,0,0,0,1,0],[0,0,0,0,0,0,0,1]]",0.0,1.1948149564598955e-26,3.478878954271133e-26,0.0,24,16,24,0,16,0.9999999999999996,0.0,1.2074182697257333e-06,1.9090959104164224e-06,1.9090959104164224e-06,1.1151007970493854e-07,5.959808327731753,0.0,0.0,0.0,0.0,-9.54356784741096,-9.54342233942208,0.29452910803733623,-1.8188498610127724e-05,-9.54356784741071,-2.504663143554353e-13,-9.518593623476667,-0.024974223934293605,-9.538535917758544,-0.005031929652416167,-9.54342233942208,-0.0001455079888810218
tfim_n8_t2_s20268834,20268834,8,2,1,B01,,0,"[[3,0],[2,1],[5,4],[1,4]]","[[1,0,0,1,0,0,0,0],[0,1,1,0,0,0,0,0],[0,0,1,0,0,0,0,0],[0,0,0,1,0,0,0,0],[0,1,1,0,1,1,0,0],[0,0,0,0,0,1,0,0],[0,0,0,0,0,0,1,0],[0,0,0,0,0,0,0,1]]",8.0,0.02783158407553951,0.0278315840755395,0.0278315840755395,24,16,30,6,10,0.6249999999999999,0.0,1.4574827811144605e-06,90.0,1.7075472925031877e-06,6.664001874625055e-08,6.237939420650279,0.0,0.0,0.0,0.0,-9.54356784741096,-9.54838223441674,0.28956921304267524,0.0006017983757224954,-9.541588741745525,-0.0019791056654359096,-9.514520746139521,-0.0290471012714395,-9.540671729960694,-0.002896117450266189,-9.54838223441674,0.004814387005779963
tfim_n8_t2_s20268834,20268834,8,2,2,B02,,0,"[[1,4],[2,0],[7,6],[5,7]]","[[1,0,1,0,0,0,0,0],[0,1,0,0,0,0,0,0],[0,0,1,0,0,0,0,0],[0,0,0,1,0,0,0,0],[0,1,0,0,1,0,0,0],[0,0,0,0,0,1,0,0],[0,0,0,0,0,0,1,1],[0,0,0,0,0,1,0,1]]",8.0,0.004902522170555067,0.004902522170555047,0.004902522170555047,24,16,30,6,10,0.6249999999999999,0.0,6.037091348628667e-07,89.99999999999999,2.091309789151873e-06,5.9604644775390605e-08,6.123708834219244,0.0,0.0,0.0,0.0,-9.54356784741096,-9.543598823173513,0.2943526242859029,3.871970319035967e-06,-9.539867069779932,-0.0037007776310282736,-9.501243928386776,-0.04232391902418442,-9.53750794322804,-0.0060599041829210165,-9.543598823173513,3.097576255228773e-05
tfim_n8_t2_s20268834,20268834,8,2,3,B03,,0,"[[7,3],[7,0],[1,0],[2,6]]","[[1,1,0,0,0,0,0,1],[0,1,0,0,0,0,0,0],[0,0,1,0,0,0,0,0],[0,0,0,1,0,0,0,1],[0,0,0,0,1,0,0,0],[0,0,0,0,0,1,0,0],[0,0,1,0,0,0,1,0],[0,0,0,0,0,0,0,1]]",11.0,1.0114675821634587e-26,3.4835335412791196e-26,3.1530636339633457e-29,24,16,28,4,12,0.7499999999999998,0.0,8.537736462515939e-07,89.99999999999999,2.091309789151873e-06,8.94069671630859e-08,6.084260434919494,0.0,0.0,0.0,0.0,-9.54356784741096,-9.543395392455707,0.2945560550037083,-2.1556869406635926e-05,-9.543567847410731,-2.291500322826323e-13,-9.521351845243135,-0.022216002167825266,-9.539632461474762,-0.003935385936198799,-9.543395392455707,-0.0001724549552530874
tfim_n8_t2_s20268834,20268834,8,2,4,B04,,0,"[[6,3],[1,5],[5,3],[5,4]]","[[1,0,0,0,0,0,0,0],[0,1,0,0,0,0,0,0],[0,0,1,0,0,0,0,0],[0,1,0,1,0,1,1,0],[0,1,0,0,1,1,0,0],[0,1,0,0,0,1,0,0],[0,0,0,0,0,0,1,0],[0,0,0,0,0,0,0,1]]",8.0,3.20215210258876e-06,3.2021521025890192e-06,3.2021521025890192e-06,24,16,30,6,10,0.6249999999999998,0.0,1.4787793334710982e-06,90.0,1.4787793334710982e-06,6.664001874625055e-08,5.9598083277317375,0.0,0.0,0.0,0.0,-9.54356784741096,-9.543427971405933,0.2945234760534827,-1.7484500628439648e-05,-9.541680374286821,-0.0018874731241389497,-9.511675004198365,-0.03189284321259578,-9.539820619377284,-0.003747228033676109,-9.543427971405933,-0.00013987600502751718
tfim_n8_t2_s20268834,20268834,8,2,5,B05,osr_only,1,"[[5,0],[6,1],[5,7],[0,6]]","[[1,0,0,0,0,1,0,0],[0,1,0,0,0,0,1,0],[0,0,1,0,0,0,0,0],[0,0,0,1,0,0,0,0],[0,0,0,0,1,0,0,0],[0,0,0,0,0,1,0,0],[1,0,0,0,0,1,1,0],[0,0,0,0,0,1,0,1]]",18.0,5.162147746077352e-27,3.479330335983107e-26,0.0,24,16,30,6,10,0.6249999999999998,0.0,1.8994285408275304e-06,90.0,2.091309789151873e-06,9.42432183077448e-08,5.959808327731754,0.0,0.0,0.0,0.0,-9.54356784741096,-9.543450743933544,0.29450070352587154,-1.4637934677041997e-05,-9.54356784741074,-2.2026824808563106e-13,-9.522760149916271,-0.020807697494689137,-9.539958372907098,-0.0036094745038628417,-9.543450743933544,-0.00011710347741633598
tfim_n8_t2_s20268834,20268834,8,2,6,B06,,0,"[[6,5],[2,5],[3,6],[1,7]]","[[1,0,0,0,0,0,0,0],[0,1,0,0,0,0,0,0],[0,0,1,0,0,0,0,0],[0,0,0,1,0,0,0,0],[0,0,0,0,1,0,0,0],[0,0,1,0,0,1,1,0],[0,0,0,1,0,0,1,0],[0,1,0,0,0,0,0,1]]",13.0,0.07004622285904548,0.0700462228590454,0.0700462228590454,24,16,32,8,8,0.4999999999999998,0.0,45.00000112943635,90.0,2.2588727439225506e-06,8.940696716308591e-08,6.162688856819183,0.0,0.0,0.0,0.0,-9.54356784741096,-9.551281778495108,0.2866696689643078,0.0009642413855184273,-9.543226652952491,-0.0003411944584694737,-9.50458830494506,-0.03897954246590096,-9.54066597411811,-0.002901873292850965,-9.551281778495108,0.0077139310841474185
tfim_n8_t2_s20268834,20268834,8,2,7,B07,,0,"[[3,0],[3,7],[0,4],[0,6]]","[[1,0,0,1,0,0,0,0],[0,1,0,0,0,0,0,0],[0,0,1,0,0,0,0,0],[0,0,0,1,0,0,0,0],[1,0,0,1,1,0,0,0],[0,0,0,0,0,1,0,0],[1,0,0,1,0,0,1,0],[0,0,0,1,0,0,0,1]]",13.0,1.1479509227456752e-26,3.47304541928216e-26,0.0,24,16,28,4,12,0.7499999999999999,0.0,0.0,89.99999999999999,2.091309789151873e-06,6.664001874625054e-08,5.99624854474849,0.0,0.0,0.0,0.0,-9.54356784741096,-9.543452160179282,0.29449928728013397,-1.446090395984534e-05,-9.543567847410714,-2.469136006766348e-13,-9.521187321062387,-0.02238052634857368,-9.539021921010834,-0.004545926400126632,-9.543452160179282,-0.00011568723167876271
tfim_n8_t2_s20268834,20268834,8,2,8,B08,,0,"[[0,3],[5,2],[5,4],[0,7]]","[[1,0,0,0,0,0,0,0],[0,1,0,0,0,0,0,0],[0,0,1,0,0,1,0,0],[1,0,0,1,0,0,0,0],[0,0,0,0,1,1,0,0],[0,0,0,0,0,1,0,0],[0,0,0,0,0,0,1,0],[1,0,0,0,0,0,0,1]]",10.0,0.001167146625899716,0.0011671466258997196,0.0011671466258997196,24,16,28,4,12,0.7499999999999996,0.0,1.7075472925031877e-06,89.99999999999999,2.2588727439225506e-06,1.1348386266624785e-07,5.959808327731735,0.0,0.0,0.0,0.0,-9.54356784741096,-9.543417643918318,0.29453380354109804,-1.8775436580353855e-05,-9.541718652324523,-0.0018491950864376605,-9.511992705643067,-0.031575141767893555,-9.54067597667679,-0.002891870734170965,-9.543417643918318,-0.00015020349264283084
tfim_n8_t2_s20268834,20268834,8,2,9,B09,pauli_only;projection,0,"[[7,4],[0,7],[0,1],[1,0]]","[[0,1,0,0,0,0,0,0],[1,1,0,0,0,0,0,0],[0,0,1,0,0,0,0,0],[0,0,0,1,0,0,0,0],[0,0,0,0,1,0,0,1],[0,0,0,0,0,1,0,0],[0,0,0,0,0,0,1,0],[1,0,0,0,0,0,0,1]]",11.0,0.07817809186652422,0.07817809186652443,0.07817809186652443,24,16,30,6,10,0.6249999999999996,0.0,1.9090959104164224e-06,90.0,2.561320938754782e-06,1.1733186057227562e-07,5.959808327731754,0.0,0.0,0.0,0.0,-9.54356784741096,-9.56162328026859,0.276328167190826,0.0022569291072036535,-9.545082973489754,0.0015151260787931164,-9.50389739556307,-0.039670451847889865,-9.543252856584644,-0.0003149908263164747,-9.56162328026859,0.018055432857629228
tfim_n8_t2_s20268834,20268834,8,2,10,B10,,0,"[[3,0],[6,0],[6,2],[1,5]]","[[1,0,0,1,0,0,1,0],[0,1,0,0,0,0,0,0],[0,0,1,0,0,0,1,0],[0,0,0,1,0,0,0,0],[0,0,0,0,1,0,0,0],[0,1,0,0,0,1,0,0],[0,0,0,0,0,0,1,0],[0,0,0,0,0,0,0,1]]",11.0,0.026795586782530533,0.026795586782530505,0.026795586782530505,24,16,30,6,10,0.6249999999999999,0.0,4.2688682312579694e-07,90.0,1.9090959104164224e-06,5.16191365590357e-08,5.99624854474849,0.0,0.0,0.0,0.0,-9.54356784741096,-9.552184332731825,0.28576711472759087,0.0010770606651080428,-9.543545704425386,-2.214298557490224e-05,-9.51286635642851,-0.030701490982449897,-9.541282462760933,-0.002285384650027922,-9.552184332731825,0.008616485320864342
tfim_n8_t2_s20268834,20268834,8,2,11,B11,,0,"[[2,5],[2,6],[1,7],[2,3]]","[[1,0,0,0,0,0,0,0],[0,1,0,0,0,0,0,0],[0,0,1,0,0,0,0,0],[0,0,1,1,0,0,0,0],[0,0,0,0,1,0,0,0],[0,0,1,0,0,1,0,0],[0,0,1,0,0,0,1,0],[0,1,0,0,0,0,0,1]]",10.0,1.0796276334452533e-26,3.4809096943127864e-26,5.2921666763013905e-30,24,16,28,4,12,0.75,0.0,0.0,90.0,1.2074182697257333e-06,4.712160915387242e-08,6.1155617649974285,0.0,0.0,0.0,0.0,-9.54356784741096,-9.543450842143312,0.2945006053161041,-1.46256584561133e-05,-9.543567847410726,-2.3447910280083306e-13,-9.52259565628391,-0.02097219112705062,-9.5399356075661,-0.0036322398448600524,-9.543450842143312,-0.0001170052676489064
tfim_n8_t2_s20268834,20268834,8,2,12,B12,,0,"[[7,2],[5,1],[0,7],[0,6]]","[[1,0,0,0,0,0,0,0],[0,1,0,0,0,1,0,0],[0,0,1,0,0,0,0,1],[0,0,0,1,0,0,0,0],[0,0,0,0,1,0,0,0],[0,0,0,0,0,1,0,0],[1,0,0,0,0,0,1,0],[1,0,0,0,0,0,0,1]]",16.0,4.88942826903828e-27,3.476304450757306e-26,0.0,24,16,30,6,10,0.6249999999999998,0.0,1.4574827811144605e-06,89.99999999999999,2.091309789151873e-06,9.424321830774482e-08,5.959808327731753,0.0,0.0,0.0,0.0,-9.54356784741096,-9.543414171399762,0.2945372760596534,-1.9209501399775064e-05,-9.54356784741074,-2.2026824808563106e-13,-9.521558425813975,-0.02200942159698549,-9.539113101978485,-0.004454745432475704,-9.543414171399762,-0.0001536760111982005
tfim_n8_t2_s20268834,20268834,8,2,13,B13,,1,"[[7,6],[3,2],[5,0],[5,7]]","[[1,0,0,0,0,1,0,0],[0,1,0,0,0,0,0,0],[0,0,1,1,0,0,0,0],[0,0,0,1,0,0,0,0],[0,0,0,0,1,0,0,0],[0,0,0,0,0,1,0,0],[0,0,0,0,0,0,1,1],[0,0,0,0,0,1,0,1]]",9.0,5.354706175993756e-27,3.484832227698727e-26,4.451750053570932e-29,24,16,26,2,14,0.875,0.0,0.0,89.99999999999999,1.4787793334710982e-06,5.1619136559035694e-08,5.123790968942668,0.0,0.0,0.0,0.0,-9.54356784741096,-9.543449767112579,0.294501680346837,-1.4760037297723017e-05,-9.54356784741074,-2.2026824808563106e-13,-9.517836174033661,-0.025731673377299202,-9.53924212679592,-0.0043257206150411065,-9.543449767112579,-0.00011808029838178413
tfim_n8_t2_s20268834,20268834,8,2,14,B14,,0,"[[3,1],[2,5],[2,6],[4,0]]","[[1,0,0,0,1,0,0,0],[0,1,0,1,0,0,0,0],[0,0,1,0,0,0,0,0],[0,0,0,1,0,0,0,0],[0,0,0,0,1,0,0,0],[0,0,1,0,0,1,0,0],[0,0,1,0,0,0,1,0],[0,0,0,0,0,0,0,1]]",10.0,0.005784994720494474,0.00578499472049443,0.00578499472049443,24,16,30,6,10,0.6249999999999999,0.0,4.2688682312579694e-07,89.99999999999999,1.9090959104164224e-06,5.1619136559035694e-08,6.296724344447366,0.0,0.0,0.0,0.0,-9.54356784741096,-9.544899103066044,0.2930523443933719,0.00016640695688541207,-9.54294752309115,-0.0006203243198097397,-9.514457460734832,-0.02911038667612864,-9.540292534106495,-0.0032753133044653993,-9.544899103066044,0.0013312556550832966
tfim_n8_t2_s20268834,20268834,8,2,15,B15,oracle,0,"[[6,2],[6,3],[4,7],[7,2]]","[[1,0,0,0,0,0,0,0],[0,1,0,0,0,0,0,0],[0,0,1,0,1,0,1,1],[0,0,0,1,0,0,1,0],[0,0,0,0,1,0,0,0],[0,0,0,0,0,1,0,0],[0,0,0,0,0,0,1,0],[0,0,0,0,1,0,0,1]]",11.0,0.07817809186652443,0.07817809186652437,0.07817809186652437,24,16,30,6,10,0.6249999999999997,0.0,1.9090959104164224e-06,89.99999999999999,2.561320938754782e-06,1.0536712127723502e-07,5.959808327731748,0.0,0.0,0.0,0.0,-9.54356784741096,-9.566802395217348,0.27114905224206787,0.0029043184757984175,-9.545082973077687,0.0015151256667262913,-9.508690672455781,-0.03487717495517906,-9.543452517225855,-0.0001153301851051225,-9.566802395217348,0.02323454780638734
tfim_n8_t2_s20268834,20268834,8,2,16,B16,,0,"[[7,2],[3,6],[6,1],[3,5]]","[[1,0,0,0,0,0,0,0],[0,1,0,1,0,0,1,0],[0,0,1,0,0,0,0,1],[0,0,0,1,0,0,0,0],[0,0,0,0,1,0,0,0],[0,0,0,1,0,1,0,0],[0,0,0,1,0,0,1,0],[0,0,0,0,0,0,0,1]]",13.0,1.0603952082680441e-26,3.4796785263300604e-26,0.0,24,16,30,6,10,0.6249999999999998,0.0,1.7075472925031877e-06,90.0,1.7075472925031877e-06,9.424321830774482e-08,6.041679218699854,0.0,0.0,0.0,0.0,-9.54356784741096,-9.543420441923042,0.2945310055363741,-1.8425685989864604e-05,-9.543567847410712,-2.4868995751603507e-13,-9.52071492296553,-0.022852924445430745,-9.538526644489385,-0.00504120292157495,-9.543420441923042,-0.00014740548791891683
tfim_n8_t2_s20268871,20268871,8,2,0,identity,identity,0,"[[0,1],[0,1],[0,1],[0,1]]","[[1,0,0,0,0,0,0,0],[0,1,0,0,0,0,0,0],[0,0,1,0,0,0,0,0],[0,0,0,1,0,0,0,0],[0,0,0,0,1,0,0,0],[0,0,0,0,0,1,0,0],[0,0,0,0,0,0,1,0],[0,0,0,0,0,0,0,1]]",0.0,3.2058122298615684e-26,1.4563071627961298e-25,0.0,24,16,24,0,16,0.9999999999999998,0.0,0.0,1.9090959104164224e-06,1.9090959104164224e-06,7.300048299977712e-08,5.160823949183251,0.0,0.0,0.0,0.0,-9.543567847410976,-9.543436224856087,0.29451522260334073,-1.645281936113463e-05,-9.543567847410326,-6.501466032204917e-13,-9.517588796489417,-0.025979050921559832,-9.540564436647099,-0.0030034107638776675,-9.543436224856087,-0.00013162255488907704
tfim_n8_t2_s20268871,20268871,8,2,1,B01,,0,"[[0,6],[0,3],[0,6],[2,6]]","[[1,0,0,0,0,0,0,0],[0,1,0,0,0,0,0,0],[0,0,1,0,0,0,0,0],[1,0,0,1,0,0,0,0],[0,0,0,0,1,0,0,0],[0,0,0,0,0,1,0,0],[0,0,1,0,0,0,1,0],[0,0,0,0,0,0,0,1]]",7.0,0.020259340065223674,0.020259340065223657,0.020259340065223657,24,16,28,4,12,0.7499999999999998,0.0,1.2074182697257333e-06,89.99999999999999,2.091309789151873e-06,8.429369702178803e-08,5.27228485085749,0.0,0.0,0.0,0.0,-9.543567847410976,-9.550298608799821,0.2876528386596071,0.0008413451736055677,-9.54343719827601,-0.00013064913496663166,-9.508659129903839,-0.034908717507137865,-9.540381240675801,-0.0031866067351753458,-9.550298608799821,0.006730761388844542
tfim_n8_t2_s20268871,20268871,8,2,2,B02,,1,"[[5,4],[4,1],[1,7],[1,6]]","[[1,0,0,0,0,0,0,0],[0,1,0,0,1,1,0,0],[0,0,1,0,0,0,0,0],[0,0,0,1,0,0,0,0],[0,0,0,0,1,1,0,0],[0,0,0,0,0,1,0,0],[0,1,0,0,1,1,1,0],[0,1,0,0,1,1,0,1]]",10.0,5.500540941284605e-26,1.4562939033082031e-25,0.0,24,16,28,4,12,0.75,0.0,0.0,89.99999999999999,1.2074182697257333e-06,3.650024149988859e-08,5.077372532880083,0.0,0.0,0.0,0.0,-9.543567847410976,-9.543357729131808,0.2945937183276204,-2.626478489609063e-05,-9.543567847410147,-8.29558643999917e-13,-9.514632417421051,-0.028935429989925154,-9.538696367648775,-0.004871479762201147,-9.543357729131808,-0.00021011827916872505
tfim_n8_t2_s20268871,20268871,8,2,3,B03,,0,"[[6,4],[0,3],[3,1],[3,1]]","[[1,0,0,0,0,0,0,0],[0,1,0,0,0,0,0,0],[0,0,1,0,0,0,0,0],[1,0,0,1,0,0,0,0],[0,0,0,0,1,0,1,0],[0,0,0,0,0,1,0,0],[0,0,0,0,0,0,1,0],[0,0,0,0,0,0,0,1]]",5.0,0.026109802577669698,0.026109802577669657,0.026109802577669657,24,16,28,4,12,0.7499999999999998,0.0,4.2688682312579694e-07,89.99999999999999,1.7075472925031877e-06,6.664001874625054e-08,5.106887584028015,0.0,0.0,0.0,0.0,-9.543567847410976,-9.55064780781962,0.28730363963980743,0.0008849950510805282,-9.541484878033991,-0.0020829693769854885,-9.502396636541238,-0.04117121086973796,-9.538715655690922,-0.004852191720054577,-9.55064780781962,0.007079960408644226
tfim_n8_t2_s20268871,20268871,8,2,4,B04,,0,"[[3,4],[3,0],[4,3],[5,7]]","[[1,0,0,1,0,0,0,0],[0,1,0,0,0,0,0,0],[0,0,1,0,0,0,0,0],[0,0,0,0,1,0,0,0],[0,0,0,1,1,0,0,0],[0,0,0,0,0,1,0,0],[0,0,0,0,0,0,1,0],[0,0,0,0,0,1,0,1]]",7.0,0.024559652252407766,0.024559652252407783,0.024559652252407783,24,16,30,6,10,0.6249999999999998,0.0,1.2074182697257333e-06,90.0,1.7075472925031877e-06,6.664001874625056e-08,5.471418648733383,0.0,0.0,0.0,0.0,-9.543567847410976,-9.549596166653306,0.2883552808061225,0.0007535399052911451,-9.542879486379434,-0.0006883610315426836,-9.5050419343586,-0.03852591305237674,-9.540127395377496,-0.0034404520334803124,-9.549596166653306,0.006028319242329161
tfim_n8_t2_s20268871,20268871,8,2,5,B05,,0,"[[6,5],[5,6],[5,7],[4,6]]","[[1,0,0,0,0,0,0,0],[0,1,0,0,0,0,0,0],[0,0,1,0,0,0,0,0],[0,0,0,1,0,0,0,0],[0,0,0,0,1,0,0,0],[0,0,0,0,0,1,1,0],[0,0,0,0,1,1,0,0],[0,0,0,0,0,1,1,1]]",5.0,0.029250484458738044,0.029250484458738006,0.029250484458738006,24,16,28,4,12,0.7499999999999998,0.0,1.3430988015984157e-06,89.99999999999999,1.7075472925031877e-06,8.688795409866123e-08,5.471418648733393,0.0,0.0,0.0,0.0,-9.543567847410976,-9.551748591877345,0.2862028555820828,0.0010225930582961062,-9.541720383403955,-0.0018474640070209603,-9.516258446275087,-0.027309401135889644,-9.540882020217483,-0.0026858271934937505,-9.551748591877345,0.00818074446636885
tfim_n8_t2_s20268871,20268871,8,2,6,B06,osr_only,0,"[[2,1],[0,3],[1,7],[6,1]]","[[1,0,0,0,0,0,0,0],[0,1,1,0,0,0,1,0],[0,0,1,0,0,0,0,0],[1,0,0,1,0,0,0,0],[0,0,0,0,1,0,0,0],[0,0,0,0,0,1,0,0],[0,0,0,0,0,0,1,0],[0,1,1,0,0,0,0,1]]",14.0,0.022136672883818688,0.022136672883818653,0.022136672883818653,24,16,32,8,8,0.5,0.0,45.0000004268868,90.0,8.537736462515939e-07,2.9802322387695346e-08,5.272284850857473,0.0,0.0,0.0,0.0,-9.543567847410976,-9.546730249489272,0.291221197970156,0.00039530025978695704,-9.541717621889543,-0.0018502255214336571,-9.517013601732826,-0.02655424567815068,-9.540429263814774,-0.003138583596202338,-9.546730249489272,0.0031624020782956563
tfim_n8_t2_s20268871,20268871,8,2,7,B07,,0,"[[3,7],[0,1],[2,4],[4,2]]","[[1,0,0,0,0,0,0,0],[1,1,0,0,0,0,0,0],[0,0,0,0,1,0,0,0],[0,0,0,1,0,0,0,0],[0,0,1,0,1,0,0,0],[0,0,0,0,0,1,0,0],[0,0,0,0,0,0,1,0],[0,0,0,1,0,0,0,1]]",9.0,0.009310048492265195,0.009310048492265188,0.009310048492265188,24,16,28,4,12,0.7499999999999998,0.0,8.537736462515939e-07,90.0,1.9090959104164224e-06,7.300048299977712e-08,5.326491296642256,0.0,0.0,0.0,0.0,-9.543567847410976,-9.543742533940875,0.2942089135185526,2.1835816237381067e-05,-9.541791377503378,-0.0017764699075986101,-9.515734224437914,-0.02783362297306269,-9.54000537660332,-0.0035624708076564815,-9.543742533940875,0.00017468652989904854
tfim_n8_t2_s20268871,20268871,8,2,8,B08,,0,"[[2,5],[2,7],[0,4],[7,5]]","[[1,0,0,0,0,0,0,0],[0,1,0,0,0,0,0,0],[0,0,1,0,0,0,0,0],[0,0,0,1,0,0,0,0],[1,0,0,0,1,0,0,0],[0,0,0,0,0,1,0,1],[0,0,0,0,0,0,1,0],[0,0,1,0,0,0,0,1]]",11.0,0.004300312187184152,0.004300312187184145,0.004300312187184145,24,16,30,6,10,0.6249999999999998,0.0,1.4574827811144605e-06,90.0,1.7075472925031877e-06,7.884953353001445e-08,5.2722848508574875,0.0,0.0,0.0,0.0,-9.543567847410976,-9.544226114468772,0.29372533299065573,8.228338222449061e-05,-9.543009991102823,-0.000557856308153859,-9.508933507636815,-0.034634339774161305,-9.538431126469288,-0.0051367209416888215,-9.544226114468772,0.0006582670577959249
tfim_n8_t2_s20268871,20268871,8,2,9,B09,pauli_only;projection;oracle,0,"[[5,7],[3,7],[7,3],[5,4]]","[[1,0,0,0,0,0,0,0],[0,1,0,0,0,0,0,0],[0,0,1,0,0,0,0,0],[0,0,0,0,0,1,0,1],[0,0,0,0,1,1,0,0],[0,0,0,0,0,1,0,0],[0,0,0,0,0,0,1,0],[0,0,0,1,0,1,0,1]]",9.0,0.46168880140706536,0.4616888014070655,0.4616888014070655,24,16,28,4,12,0.7499999999999999,0.0,4.2688682312579694e-07,89.99999999999999,1.4787793334710982e-06,5.960464477539062e-08,5.229164470870342,0.0,0.0,0.0,0.0,-9.543567847410976,-9.603293420614083,0.2346580268453451,0.00746569665038832,-9.55108121411007,0.007513366699093638,-9.536878003335248,-0.006689844075728146,-9.58676806926088,0.04320022184990435,-9.603293420614083,0.05972557320310656
tfim_n8_t2_s20268871,20268871,8,2,10,B10,,0,"[[7,5],[0,3],[4,1],[3,5]]","[[1,0,0,0,0,0,0,0],[0,1,0,0,1,0,0,0],[0,0,1,0,0,0,0,0],[1,0,0,1,0,0,0,0],[0,0,0,0,1,0,0,0],[1,0,0,1,0,1,0,1],[0,0,0,0,0,0,1,0],[0,0,0,0,0,0,0,1]]",10.0,0.02566182209407157,0.02566182209407158,0.02566182209407158,24,16,32,8,8,0.4999999999999999,0.0,45.00000073938965,90.0,1.4787793334710982e-06,5.575503985246929e-08,5.286734701717543,0.0,0.0,0.0,0.0,-9.543567847410976,-9.549552057726274,0.28839938973315427,0.0007480262894121736,-9.541524676985913,-0.002043170425062968,-9.507582386016846,-0.03598546139413017,-9.540119813659741,-0.0034480337512352577,-9.549552057726274,0.005984210315297389
tfim_n8_t2_s20268871,20268871,8,2,11,B11,,0,"[[7,4],[6,2],[3,7],[0,3]]","[[1,0,0,0,0,0,0,0],[0,1,0,0,0,0,0,0],[0,0,1,0,0,0,1,0],[1,0,0,1,0,0,0,0],[0,0,0,0,1,0,0,1],[0,0,0,0,0,1,0,0],[0,0,0,0,0,0,1,0],[0,0,0,1,0,0,0,1]]",14.0,0.09320364741776713,0.09320364741776717,0.09320364741776717,24,16,32,8,8,0.5,0.0,45.0000004268868,90.0,8.537736462515939e-07,2.107342425544705e-08,5.175287307333823,0.0,0.0,0.0,0.0,-9.543567847410976,-9.58202168949966,0.2559297579597679,0.004806730261085468,-9.545757769386606,0.002189921975629616,-9.513991973220712,-0.02957587419026453,-9.546852898051462,0.003285050640485565,-9.58202168949966,0.03845384208868374
tfim_n8_t2_s20268871,20268871,8,2,12,B12,,0,"[[7,1],[2,7],[4,5],[4,5]]","[[1,0,0,0,0,0,0,0],[0,1,0,0,0,0,0,1],[0,0,1,0,0,0,0,0],[0,0,0,1,0,0,0,0],[0,0,0,0,1,0,0,0],[0,0,0,0,0,1,0,0],[0,0,0,0,0,0,1,0],[0,0,1,0,0,0,0,1]]",11.0,2.9946383572081995e-26,1.4561819776579356e-25,0.0,24,16,28,4,12,0.7499999999999998,0.0,1.3430988015984157e-06,90.0,1.9090959104164224e-06,8.940696716308591e-08,5.327968058337466,0.0,0.0,0.0,0.0,-9.543567847410976,-9.543368794124506,0.2945826533349223,-2.48816608088287e-05,-9.543567847410321,-6.554756737386924e-13,-9.518948387904631,-0.024619459506345365,-9.539943860746204,-0.0036239866647722607,-9.543368794124506,-0.0001990532864706296
tfim_n8_t2_s20268871,20268871,8,2,13,B13,,0,"[[7,3],[3,2],[5,2],[5,4]]","[[1,0,0,0,0,0,0,0],[0,1,0,0,0,0,0,0],[0,0,1,1,0,1,0,1],[0,0,0,1,0,0,0,1],[0,0,0,0,1,1,0,0],[0,0,0,0,0,1,0,0],[0,0,0,0,0,0,1,0],[0,0,0,0,0,0,0,1]]",7.0,0.0006932434880022478,0.0006932434880022465,0.0006932434880022465,24,16,28,4,12,0.7499999999999998,0.0,8.537736462515939e-07,90.0,1.7075472925031877e-06,7.598131170262075e-08,5.229164470870356,0.0,0.0,0.0,0.0,-9.543567847410976,-9.543463941302425,0.2944875061570027,-1.2988263568880498e-05,-9.541425629577308,-0.002142217833668525,-9.513456832093807,-0.03011101531716953,-9.540484475518786,-0.003083371892190101,-9.543463941302425,-0.00010390610855104399
tfim_n8_t2_s20268871,20268871,8,2,14,B14,,0,"[[1,0],[7,6],[3,5],[4,1]]","[[1,1,0,0,0,0,0,0],[0,1,0,0,1,0,0,0],[0,0,1,0,0,0,0,0],[0,0,0,1,0,0,0,0],[0,0,0,0,1,0,0,0],[0,0,0,1,0,1,0,0],[0,0,0,0,0,0,1,1],[0,0,0,0,0,0,0,1]]",7.0,0.0011021698416637678,0.0011021698416637683,0.0011021698416637683,24,16,28,4,12,0.75,0.0,0.0,89.99999999999999,1.2074182697257333e-06,3.6500241499888574e-08,5.3499734628734945,0.0,0.0,0.0,0.0,-9.543567847410976,-9.543481593406277,0.2944698540531512,-1.0781750587440797e-05,-9.542213237254161,-0.0013546101568149282,-9.50952212334667,-0.03404572406430617,-9.539844110695148,-0.003723736715828707,-9.543481593406277,-8.625400469952638e-05
tfim_n8_t2_s20268871,20268871,8,2,15,B15,,1,"[[6,3],[5,0],[3,2],[1,5]]","[[1,0,0,0,0,1,0,0],[0,1,0,0,0,0,0,0],[0,0,1,1,0,0,1,0],[0,0,0,1,0,0,1,0],[0,0,0,0,1,0,0,0],[0,1,0,0,0,1,0,0],[0,0,0,0,0,0,1,0],[0,0,0,0,0,0,0,1]]",13.0,3.9858438026784264e-26,1.4567321861927258e-25,3.258250882916128e-29,24,16,30,6,10,0.6249999999999999,0.0,7.393896667355491e-07,89.99999999999999,1.4787793334710982e-06,5.1619136559035694e-08,5.145659660226447,0.0,0.0,0.0,0.0,-9.543567847410976,-9.543439694324274,0.2945117531351542,-1.601913583781922e-05,-9.543567847410227,-7.496225862269057e-13,-9.517108455600887,-0.026459391810089272,-9.538484528356333,-0.005083319054643098,-9.543439694324274,-0.00012815308670255376
tfim_n8_t2_s20268871,20268871,8,2,16,B16,,0,"[[0,3],[6,4],[4,2],[5,7]]","[[1,0,0,0,0,0,0,0],[0,1,0,0,0,0,0,0],[0,0,1,0,1,0,1,0],[1,0,0,1,0,0,0,0],[0,0,0,0,1,0,1,0],[0,0,0,0,0,1,0,0],[0,0,0,0,0,0,1,0],[0,0,0,0,0,1,0,1]]",9.0,0.03972016325711906,0.03972016325711908,0.03972016325711908,24,16,32,8,8,0.4999999999999999,0.0,45.000000853773635,90.0,1.7075472925031877e-06,5.1619136559035694e-08,5.382030907287355,0.0,0.0,0.0,0.0,-9.543567847410976,-9.551279508193893,0.2866719392655348,0.0009639575978646064,-9.539131068547109,-0.00443677886386773,-9.506697957573685,-0.036869889837291225,-9.54112455763448,-0.0024432897764956607,-9.551279508193893,0.0077116607829168515
